strategy_group,hero_filter,odds_condition,metric,delta_threshold,bets,wins,losses,win_pct,final_bank,profit,total_staked,roi,max_drawdown,max_stake
Flat100,none,any,GPM,100,14227,7193,7034,50.56,-120875,-121875,1422700,-0.0857,122361,100
Flat100,none,any,GPM,200,7557,3802,3755,50.31,-69244,-70244,755700,-0.0930,70862,100
Flat100,none,any,GPM,300,3525,1791,1734,50.81,-28021,-29021,352500,-0.0823,29588,100
Flat100,none,any,GPM,400,1463,759,704,51.88,-8791,-9791,146300,-0.0669,11185,100
Flat100,none,any,GPM,500,523,279,244,53.35,-1979,-2979,52300,-0.0570,4047,100
Flat100,none,any,XPM,100,13986,6971,7015,49.84,-127099,-128099,1398600,-0.0916,128390,100
Flat100,none,any,XPM,200,7296,3619,3677,49.60,-69636,-70636,729600,-0.0968,71592,100
Flat100,none,any,XPM,300,3184,1544,1640,48.49,-37852,-38852,318400,-0.1220,39515,100
Flat100,none,any,XPM,400,1247,630,617,50.52,-9781,-10781,124700,-0.0865,11083,100
Flat100,none,any,XPM,500,438,232,206,52.97,-659,-1659,43800,-0.0379,3422,100
Flat100,none,any,HERO_DAMAGE,5000,15738,7592,8146,48.24,-169575,-170575,1573800,-0.1084,171110,100
Flat100,none,any,HERO_DAMAGE,10000,9890,4653,5237,47.05,-126976,-127976,989000,-0.1294,128681,100
Flat100,none,any,HERO_DAMAGE,15000,5546,2568,2978,46.30,-76775,-77775,554600,-0.1402,77828,100
Flat100,none,any,HERO_DAMAGE,20000,2747,1276,1471,46.45,-34062,-35062,274700,-0.1276,36176,100
Flat100,none,any,HERO_DAMAGE,25000,1233,566,667,45.90,-17590,-18590,123300,-0.1508,18898,100
Flat100,none,any,TOWER_DAMAGE,5000,8745,4531,4214,51.81,-64745,-65745,874500,-0.0752,67283,100
Flat100,none,any,TOWER_DAMAGE,10000,1999,1016,983,50.83,-17990,-18990,199900,-0.0950,19910,100
Flat100,none,any,TOWER_DAMAGE,15000,269,139,130,51.67,-473,-1473,26900,-0.0548,3398,100
Flat100,none,any,TOWER_DAMAGE,20000,15,7,8,46.67,694,-306,1500,-0.2040,545,100
Flat100,none,any,TOWER_DAMAGE,25000,1,0,1,0.00,900,-100,100,-1.0000,100,100
Flat100,none,any,DAMAGE_TAKEN,10000,15328,7581,7747,49.46,-143479,-144479,1532800,-0.0943,145658,100
Flat100,none,any,DAMAGE_TAKEN,20000,9276,4578,4698,49.35,-89023,-90023,927600,-0.0970,90620,100
Flat100,none,any,DAMAGE_TAKEN,30000,5305,2650,2655,49.95,-47937,-48937,530500,-0.0922,49686,100
Flat100,none,any,DAMAGE_TAKEN,40000,2949,1491,1458,50.56,-24172,-25172,294900,-0.0854,26598,100
Flat100,none,any,DAMAGE_TAKEN,50000,1735,888,847,51.18,-13410,-14410,173500,-0.0831,15541,100
Flat100,none,any,TEAM_PARTICIPATION,1,15277,7543,7734,49.37,-114537,-115537,1527700,-0.0756,115866,100
Flat100,none,any,TEAM_PARTICIPATION,2,8973,4426,4547,49.33,-65527,-66527,897300,-0.0741,67442,100
Flat100,none,any,TEAM_PARTICIPATION,3,4577,2244,2333,49.03,-36116,-37116,457700,-0.0811,37249,100
Flat100,none,any,TEAM_PARTICIPATION,4,2017,969,1048,48.04,-20840,-21840,201700,-0.1083,22333,100
Flat100,none,any,TEAM_PARTICIPATION,5,760,377,383,49.61,-4920,-5920,76000,-0.0779,7314,100
Flat100,none,underdog,GPM,100,6601,2385,4216,36.13,-75507,-76507,660100,-0.1159,77171,100
Flat100,none,underdog,GPM,200,3503,1252,2251,35.74,-43762,-44762,350300,-0.1278,45485,100
Flat100,none,underdog,GPM,300,1625,599,1026,36.86,-15012,-16012,162500,-0.0985,16413,100
Flat100,none,underdog,GPM,400,661,247,414,37.37,-3998,-4998,66100,-0.0756,6350,100
Flat100,none,underdog,GPM,500,222,79,143,35.59,-1307,-2307,22200,-0.1039,2388,100
Flat100,none,underdog,XPM,100,6651,2368,4283,35.60,-83293,-84293,665100,-0.1267,84763,100
Flat100,none,underdog,XPM,200,3435,1225,2210,35.66,-40951,-41951,343500,-0.1221,42663,100
Flat100,none,underdog,XPM,300,1494,516,978,34.54,-22308,-23308,149400,-0.1560,23717,100
Flat100,none,underdog,XPM,400,564,206,358,36.52,-4670,-5670,56400,-0.1005,7055,100
Flat100,none,underdog,XPM,500,190,76,114,40.00,948,-52,19000,-0.0027,1553,100
Flat100,none,underdog,HERO_DAMAGE,5000,7767,2712,5055,34.92,-105292,-106292,776700,-0.1369,106714,100
Flat100,none,underdog,HERO_DAMAGE,10000,4941,1664,3277,33.68,-81501,-82501,494100,-0.1670,83014,100
Flat100,none,underdog,HERO_DAMAGE,15000,2795,925,1870,33.09,-48330,-49330,279500,-0.1765,49792,100
Flat100,none,underdog,HERO_DAMAGE,20000,1414,483,931,34.16,-19470,-20470,141400,-0.1448,21830,100
Flat100,none,underdog,HERO_DAMAGE,25000,622,205,417,32.96,-10347,-11347,62200,-0.1824,11848,100
Flat100,none,underdog,TOWER_DAMAGE,5000,3898,1427,2471,36.61,-42777,-43777,389800,-0.1123,45665,100
Flat100,none,underdog,TOWER_DAMAGE,10000,880,310,570,35.23,-10971,-11971,88000,-0.1360,12557,100
Flat100,none,underdog,TOWER_DAMAGE,15000,125,44,81,35.20,-209,-1209,12500,-0.0967,2474,100
Flat100,none,underdog,TOWER_DAMAGE,20000,8,2,6,25.00,657,-343,800,-0.4288,500,100
Flat100,none,underdog,TOWER_DAMAGE,25000,1,0,1,0.00,900,-100,100,-1.0000,100,100
Flat100,none,underdog,DAMAGE_TAKEN,10000,7333,2586,4747,35.27,-94716,-95716,733300,-0.1305,97078,100
Flat100,none,underdog,DAMAGE_TAKEN,20000,4389,1535,2854,34.97,-58199,-59199,438900,-0.1349,59977,100
Flat100,none,underdog,DAMAGE_TAKEN,30000,2446,871,1575,35.61,-29336,-30336,244600,-0.1240,31542,100
Flat100,none,underdog,DAMAGE_TAKEN,40000,1336,480,856,35.93,-14409,-15409,133600,-0.1153,17786,100
Flat100,none,underdog,DAMAGE_TAKEN,50000,782,278,504,35.55,-9219,-10219,78200,-0.1307,11491,100
Flat100,none,underdog,TEAM_PARTICIPATION,1,7788,2836,4952,36.41,-72808,-73808,778800,-0.0948,74936,100
Flat100,none,underdog,TEAM_PARTICIPATION,2,4677,1715,2962,36.67,-42449,-43449,467700,-0.0929,46283,100
Flat100,none,underdog,TEAM_PARTICIPATION,3,2421,889,1532,36.72,-22915,-23915,242100,-0.0988,25536,100
Flat100,none,underdog,TEAM_PARTICIPATION,4,1095,393,702,35.89,-14449,-15449,109500,-0.1411,16550,100
Flat100,none,underdog,TEAM_PARTICIPATION,5,412,155,257,37.62,-3451,-4451,41200,-0.1080,6040,100
Flat100,none,favorite,GPM,100,7137,4561,2576,63.91,-41555,-42555,713700,-0.0596,42878,100
Flat100,none,favorite,GPM,200,3791,2425,1366,63.97,-21497,-22497,379100,-0.0593,22873,100
Flat100,none,favorite,GPM,300,1765,1129,636,63.97,-10251,-11251,176500,-0.0637,12313,100
Flat100,none,favorite,GPM,400,747,484,263,64.79,-3507,-4507,74700,-0.0603,6114,100
Flat100,none,favorite,GPM,500,284,193,91,67.96,725,-275,28400,-0.0097,2062,100
Flat100,none,favorite,XPM,100,6825,4341,2484,63.60,-40681,-41681,682500,-0.0611,41820,100
Flat100,none,favorite,XPM,200,3593,2254,1339,62.73,-27000,-28000,359300,-0.0779,28502,100
Flat100,none,favorite,XPM,300,1571,965,606,61.43,-14389,-15389,157100,-0.0980,15595,100
Flat100,none,favorite,XPM,400,638,399,239,62.54,-4277,-5277,63800,-0.0827,5383,100
Flat100,none,favorite,XPM,500,231,148,83,64.07,-401,-1401,23100,-0.0606,1919,100
Flat100,none,favorite,HERO_DAMAGE,5000,7381,4595,2786,62.25,-57459,-58459,738100,-0.0792,58772,100
Flat100,none,favorite,HERO_DAMAGE,10000,4552,2803,1749,61.58,-39475,-40475,455200,-0.0889,40856,100
Flat100,none,favorite,HERO_DAMAGE,15000,2530,1538,992,60.79,-24933,-25933,253000,-0.1025,26029,100
Flat100,none,favorite,HERO_DAMAGE,20000,1227,742,485,60.47,-12493,-13493,122700,-0.1100,13592,100
Flat100,none,favorite,HERO_DAMAGE,25000,572,344,228,60.14,-5514,-6514,57200,-0.1139,6591,100
Flat100,none,favorite,TOWER_DAMAGE,5000,4509,2939,1570,65.18,-17918,-18918,450900,-0.0420,20070,100
Flat100,none,favorite,TOWER_DAMAGE,10000,1038,667,371,64.26,-5184,-6184,103800,-0.0596,6984,100
Flat100,none,favorite,TOWER_DAMAGE,15000,132,88,44,66.67,635,-365,13200,-0.0277,1045,100
Flat100,none,favorite,TOWER_DAMAGE,20000,7,5,2,71.43,1037,37,700,0.0529,100,100
Flat100,none,favorite,TOWER_DAMAGE,25000,0,0,0,0.00,1000,0,0,0.0000,0,0
Flat100,none,favorite,DAMAGE_TAKEN,10000,7438,4693,2745,63.09,-48375,-49375,743800,-0.0664,50461,100
Flat100,none,favorite,DAMAGE_TAKEN,20000,4526,2845,1681,62.86,-30635,-31635,452600,-0.0699,32768,100
Flat100,none,favorite,DAMAGE_TAKEN,30000,2650,1664,986,62.79,-18153,-19153,265000,-0.0723,19565,100
Flat100,none,favorite,DAMAGE_TAKEN,40000,1493,948,545,63.50,-8515,-9515,149300,-0.0637,9934,100
Flat100,none,favorite,DAMAGE_TAKEN,50000,887,576,311,64.94,-2930,-3930,88700,-0.0443,4430,100
Flat100,none,favorite,TEAM_PARTICIPATION,1,6930,4442,2488,64.10,-34271,-35271,693000,-0.0509,35545,100
Flat100,none,favorite,TEAM_PARTICIPATION,2,3970,2559,1411,64.46,-17826,-18826,397000,-0.0474,18990,100
Flat100,none,favorite,TEAM_PARTICIPATION,3,1999,1285,714,64.28,-9562,-10562,199900,-0.0528,10877,100
Flat100,none,favorite,TEAM_PARTICIPATION,4,844,544,300,64.45,-3569,-4569,84400,-0.0541,4621,100
Flat100,none,favorite,TEAM_PARTICIPATION,5,316,208,108,65.82,127,-873,31600,-0.0276,1703,100
Bankroll5pct,none,any,GPM,100,14227,7193,7034,50.56,0,-1000,7314,-0.1367,1147,57
Bankroll5pct,none,any,GPM,200,7557,3802,3755,50.31,0,-1000,4818,-0.2075,1123,56
Bankroll5pct,none,any,GPM,300,3525,1791,1734,50.81,0,-1000,11560,-0.0865,1063,53
Bankroll5pct,none,any,GPM,400,1463,759,704,51.88,1,-999,16175,-0.0618,1130,57
Bankroll5pct,none,any,GPM,500,523,279,244,53.35,118,-882,13986,-0.0631,1343,73
Bankroll5pct,none,any,XPM,100,13986,6971,7015,49.84,0,-1000,5691,-0.1757,1044,52
Bankroll5pct,none,any,XPM,200,7296,3619,3677,49.60,0,-1000,5508,-0.1816,1067,53
Bankroll5pct,none,any,XPM,300,3184,1544,1640,48.49,0,-1000,3777,-0.2648,1020,51
Bankroll5pct,none,any,XPM,400,1247,630,617,50.52,1,-999,5311,-0.1881,1057,53
Bankroll5pct,none,any,XPM,500,438,232,206,52.97,251,-749,20211,-0.0371,1395,82
Bankroll5pct,none,any,HERO_DAMAGE,5000,15738,7592,8146,48.24,0,-1000,3893,-0.2569,1143,57
Bankroll5pct,none,any,HERO_DAMAGE,10000,9890,4653,5237,47.05,0,-1000,4372,-0.2288,1174,59
Bankroll5pct,none,any,HERO_DAMAGE,15000,5546,2568,2978,46.30,0,-1000,4157,-0.2406,1020,51
Bankroll5pct,none,any,HERO_DAMAGE,20000,2747,1276,1471,46.45,0,-1000,3841,-0.2604,1020,51
Bankroll5pct,none,any,HERO_DAMAGE,25000,1233,566,667,45.90,0,-1000,4623,-0.2163,1073,54
Bankroll5pct,none,any,TOWER_DAMAGE,5000,8745,4531,4214,51.81,0,-1000,22204,-0.0450,1631,82
Bankroll5pct,none,any,TOWER_DAMAGE,10000,1999,1016,983,50.83,0,-1000,14230,-0.0703,1393,70
Bankroll5pct,none,any,TOWER_DAMAGE,15000,269,139,130,51.67,328,-672,8315,-0.0808,1229,72
Bankroll5pct,none,any,TOWER_DAMAGE,20000,15,7,8,46.67,845,-155,663,-0.2345,250,51
Bankroll5pct,none,any,TOWER_DAMAGE,25000,1,0,1,0.00,950,-50,50,-1.0000,50,50
Bankroll5pct,none,any,DAMAGE_TAKEN,10000,15328,7581,7747,49.46,0,-1000,4269,-0.2343,1092,55
Bankroll5pct,none,any,DAMAGE_TAKEN,20000,9276,4578,4698,49.35,0,-1000,4356,-0.2296,1026,51
Bankroll5pct,none,any,DAMAGE_TAKEN,30000,5305,2650,2655,49.95,0,-1000,3488,-0.2867,1026,51
Bankroll5pct,none,any,DAMAGE_TAKEN,40000,2949,1491,1458,50.56,0,-1000,3407,-0.2935,1026,51
Bankroll5pct,none,any,DAMAGE_TAKEN,50000,1735,888,847,51.18,0,-1000,5494,-0.1820,1000,50
Bankroll5pct,none,any,TEAM_PARTICIPATION,1,15277,7543,7734,49.37,0,-1000,7992,-0.1251,1163,58
Bankroll5pct,none,any,TEAM_PARTICIPATION,2,8973,4426,4547,49.33,0,-1000,19133,-0.0523,1282,64
Bankroll5pct,none,any,TEAM_PARTICIPATION,3,4577,2244,2333,49.03,0,-1000,14318,-0.0698,1000,50
Bankroll5pct,none,any,TEAM_PARTICIPATION,4,2017,969,1048,48.04,0,-1000,9754,-0.1025,1126,56
Bankroll5pct,none,any,TEAM_PARTICIPATION,5,760,377,383,49.61,20,-980,21323,-0.0460,1533,78
Bankroll5pct,none,underdog,GPM,100,6601,2385,4216,36.13,0,-1000,6295,-0.1589,1168,58
Bankroll5pct,none,underdog,GPM,200,3503,1252,2251,35.74,0,-1000,3976,-0.2515,1115,56
Bankroll5pct,none,underdog,GPM,300,1625,599,1026,36.86,0,-1000,8359,-0.1196,1063,53
Bankroll5pct,none,underdog,GPM,400,661,247,414,37.37,22,-978,6535,-0.1496,1057,54
Bankroll5pct,none,underdog,GPM,500,222,79,143,35.59,201,-799,5144,-0.1554,799,50
Bankroll5pct,none,underdog,XPM,100,6651,2368,4283,35.60,0,-1000,4125,-0.2424,1000,50
Bankroll5pct,none,underdog,XPM,200,3435,1225,2210,35.66,0,-1000,3538,-0.2827,1020,51
Bankroll5pct,none,underdog,XPM,300,1494,516,978,34.54,0,-1000,3054,-0.3274,1020,51
Bankroll5pct,none,underdog,XPM,400,564,206,358,36.52,19,-981,3374,-0.2906,1033,52
Bankroll5pct,none,underdog,XPM,500,190,76,114,40.00,666,-334,10218,-0.0327,1075,87
Bankroll5pct,none,underdog,HERO_DAMAGE,5000,7767,2712,5055,34.92,0,-1000,4304,-0.2323,1041,52
Bankroll5pct,none,underdog,HERO_DAMAGE,10000,4941,1664,3277,33.68,0,-1000,4416,-0.2264,1087,54
Bankroll5pct,none,underdog,HERO_DAMAGE,15000,2795,925,1870,33.09,0,-1000,3016,-0.3316,1020,51
Bankroll5pct,none,underdog,HERO_DAMAGE,20000,1414,483,931,34.16,0,-1000,3336,-0.2997,1020,51
Bankroll5pct,none,underdog,HERO_DAMAGE,25000,622,205,417,32.96,1,-999,4267,-0.2341,1073,54
Bankroll5pct,none,underdog,TOWER_DAMAGE,5000,3898,1427,2471,36.61,0,-1000,13314,-0.0751,1840,92
Bankroll5pct,none,underdog,TOWER_DAMAGE,10000,880,310,570,35.23,0,-1000,6802,-0.1469,1161,58
Bankroll5pct,none,underdog,TOWER_DAMAGE,15000,125,44,81,35.20,412,-588,4115,-0.1428,969,65
Bankroll5pct,none,underdog,TOWER_DAMAGE,20000,8,2,6,25.00,833,-167,345,-0.4853,226,50
Bankroll5pct,none,underdog,TOWER_DAMAGE,25000,1,0,1,0.00,950,-50,50,-1.0000,50,50
Bankroll5pct,none,underdog,DAMAGE_TAKEN,10000,7333,2586,4747,35.27,0,-1000,4913,-0.2035,1074,54
Bankroll5pct,none,underdog,DAMAGE_TAKEN,20000,4389,1535,2854,34.97,0,-1000,4515,-0.2215,1000,50
Bankroll5pct,none,underdog,DAMAGE_TAKEN,30000,2446,871,1575,35.61,0,-1000,3504,-0.2854,1000,50
Bankroll5pct,none,underdog,DAMAGE_TAKEN,40000,1336,480,856,35.93,0,-1000,2801,-0.3570,1000,50
Bankroll5pct,none,underdog,DAMAGE_TAKEN,50000,782,278,504,35.55,1,-999,4632,-0.2156,999,50
Bankroll5pct,none,underdog,TEAM_PARTICIPATION,1,7788,2836,4952,36.41,0,-1000,12394,-0.0807,1147,57
Bankroll5pct,none,underdog,TEAM_PARTICIPATION,2,4677,1715,2962,36.67,0,-1000,30264,-0.0330,2707,135
Bankroll5pct,none,underdog,TEAM_PARTICIPATION,3,2421,889,1532,36.72,0,-1000,22026,-0.0454,1580,79
Bankroll5pct,none,underdog,TEAM_PARTICIPATION,4,1095,393,702,35.89,0,-1000,10300,-0.0971,1379,69
Bankroll5pct,none,underdog,TEAM_PARTICIPATION,5,412,155,257,37.62,52,-948,14041,-0.0675,1908,98
Bankroll5pct,none,favorite,GPM,100,7137,4561,2576,63.91,0,-1000,12308,-0.0812,1030,52
Bankroll5pct,none,favorite,GPM,200,3791,2425,1366,63.97,0,-1000,10760,-0.0929,1060,53
Bankroll5pct,none,favorite,GPM,300,1765,1129,636,63.97,1,-999,20349,-0.0491,1250,63
Bankroll5pct,none,favorite,GPM,400,747,484,263,64.79,64,-936,21049,-0.0444,1739,90
Bankroll5pct,none,favorite,GPM,500,284,193,91,67.96,729,-271,17746,-0.0153,1454,106
Bankroll5pct,none,favorite,XPM,100,6825,4341,2484,63.60,0,-1000,12807,-0.0781,1003,50
Bankroll5pct,none,favorite,XPM,200,3593,2254,1339,62.73,0,-1000,12842,-0.0779,1053,53
Bankroll5pct,none,favorite,XPM,300,1571,965,606,61.43,0,-1000,9712,-0.1029,1011,51
Bankroll5pct,none,favorite,XPM,400,638,399,239,62.54,46,-954,12466,-0.0765,967,51
Bankroll5pct,none,favorite,XPM,500,231,148,83,64.07,425,-575,9767,-0.0589,765,59
Bankroll5pct,none,favorite,HERO_DAMAGE,5000,7381,4595,2786,62.25,0,-1000,6136,-0.1630,1098,55
Bankroll5pct,none,favorite,HERO_DAMAGE,10000,4552,2803,1749,61.58,0,-1000,7928,-0.1261,1135,57
Bankroll5pct,none,favorite,HERO_DAMAGE,15000,2530,1538,992,60.79,0,-1000,12278,-0.0814,1045,52
Bankroll5pct,none,favorite,HERO_DAMAGE,20000,1227,742,485,60.47,0,-1000,10623,-0.0941,1011,51
Bankroll5pct,none,favorite,HERO_DAMAGE,25000,572,344,228,60.14,26,-974,8872,-0.1098,975,50
Bankroll5pct,none,favorite,TOWER_DAMAGE,5000,4509,2939,1570,65.18,0,-1000,21489,-0.0465,1370,69
Bankroll5pct,none,favorite,TOWER_DAMAGE,10000,1038,667,371,64.26,23,-977,19017,-0.0514,1396,71
Bankroll5pct,none,favorite,TOWER_DAMAGE,15000,132,88,44,66.67,766,-234,5524,-0.0424,502,56
Bankroll5pct,none,favorite,TOWER_DAMAGE,20000,7,5,2,71.43,1014,14,350,0.0410,52,52
Bankroll5pct,none,favorite,TOWER_DAMAGE,25000,0,0,0,0.00,1000,0,0,0.0000,0,0
Bankroll5pct,none,favorite,DAMAGE_TAKEN,10000,7438,4693,2745,63.09,0,-1000,4778,-0.2093,1000,50
Bankroll5pct,none,favorite,DAMAGE_TAKEN,20000,4526,2845,1681,62.86,0,-1000,6897,-0.1450,1026,51
Bankroll5pct,none,favorite,DAMAGE_TAKEN,30000,2650,1664,986,62.79,0,-1000,7049,-0.1419,1037,52
Bankroll5pct,none,favorite,DAMAGE_TAKEN,40000,1493,948,545,63.50,3,-997,9881,-0.1009,1035,52
Bankroll5pct,none,favorite,DAMAGE_TAKEN,50000,887,576,311,64.94,78,-922,10264,-0.0898,930,50
Bankroll5pct,none,favorite,TEAM_PARTICIPATION,1,6930,4442,2488,64.10,0,-1000,13396,-0.0746,1067,53
Bankroll5pct,none,favorite,TEAM_PARTICIPATION,2,3970,2559,1411,64.46,0,-1000,12768,-0.0783,1067,53
Bankroll5pct,none,favorite,TEAM_PARTICIPATION,3,1999,1285,714,64.28,1,-999,25204,-0.0396,999,50
Bankroll5pct,none,favorite,TEAM_PARTICIPATION,4,844,544,300,64.45,58,-942,13167,-0.0715,944,50
Bankroll5pct,none,favorite,TEAM_PARTICIPATION,5,316,208,108,65.82,525,-475,13790,-0.0344,739,62
Flat100,4+4,any,GPM,100,2467,1705,762,69.11,57030,56030,246700,0.2271,1619,100
Flat100,4+4,any,GPM,200,1376,943,433,68.53,29048,28048,137600,0.2038,2243,100
Flat100,4+4,any,GPM,300,644,439,205,68.17,13599,12599,64400,0.1956,1068,100
Flat100,4+4,any,GPM,400,294,209,85,71.09,7863,6863,29400,0.2334,918,100
Flat100,4+4,any,GPM,500,115,79,36,68.70,2865,1865,11500,0.1622,547,100
Flat100,4+4,any,XPM,100,2123,1491,632,70.23,55918,54918,212300,0.2587,1854,100
Flat100,4+4,any,XPM,200,1089,756,333,69.42,26031,25031,108900,0.2299,1422,100
Flat100,4+4,any,XPM,300,456,311,145,68.20,11755,10755,45600,0.2359,775,100
Flat100,4+4,any,XPM,400,187,129,58,68.98,5664,4664,18700,0.2494,621,100
Flat100,4+4,any,XPM,500,71,45,26,63.38,1679,679,7100,0.0956,553,100
Flat100,4+4,any,HERO_DAMAGE,5000,2005,1391,614,69.38,51808,50808,200500,0.2534,1989,100
Flat100,4+4,any,HERO_DAMAGE,10000,1233,843,390,68.37,30387,29387,123300,0.2383,2170,100
Flat100,4+4,any,HERO_DAMAGE,15000,667,443,224,66.42,14496,13496,66700,0.2023,2402,100
Flat100,4+4,any,HERO_DAMAGE,20000,309,211,98,68.28,8897,7897,30900,0.2556,905,100
Flat100,4+4,any,HERO_DAMAGE,25000,128,88,40,68.75,4455,3455,12800,0.2699,782,100
Flat100,4+4,any,TOWER_DAMAGE,5000,1711,1218,493,71.19,44137,43137,171100,0.2521,664,100
Flat100,4+4,any,TOWER_DAMAGE,10000,414,293,121,70.77,10520,9520,41400,0.2300,551,100
Flat100,4+4,any,TOWER_DAMAGE,15000,47,35,12,74.47,1987,987,4700,0.2100,250,100
Flat100,4+4,any,TOWER_DAMAGE,20000,2,0,2,0.00,800,-200,200,-1.0000,200,100
Flat100,4+4,any,TOWER_DAMAGE,25000,0,0,0,0.00,1000,0,0,0.0000,0,0
Flat100,4+4,any,DAMAGE_TAKEN,10000,2076,1473,603,70.95,60119,59119,207600,0.2848,1904,100
Flat100,4+4,any,DAMAGE_TAKEN,20000,1231,872,359,70.84,34145,33145,123100,0.2693,2005,100
Flat100,4+4,any,DAMAGE_TAKEN,30000,726,519,207,71.49,19792,18792,72600,0.2588,1748,100
Flat100,4+4,any,DAMAGE_TAKEN,40000,428,304,124,71.03,11885,10885,42800,0.2543,952,100
Flat100,4+4,any,DAMAGE_TAKEN,50000,247,178,69,72.06,7239,6239,24700,0.2526,730,100
Flat100,4+4,any,TEAM_PARTICIPATION,1,2455,1704,751,69.41,71880,70880,245500,0.2887,1561,100
Flat100,4+4,any,TEAM_PARTICIPATION,2,1475,1014,461,68.75,40311,39311,147500,0.2665,1068,100
Flat100,4+4,any,TEAM_PARTICIPATION,3,757,518,239,68.43,19660,18660,75700,0.2465,983,100
Flat100,4+4,any,TEAM_PARTICIPATION,4,323,222,101,68.73,9374,8374,32300,0.2593,794,100
Flat100,4+4,any,TEAM_PARTICIPATION,5,125,89,36,71.20,5030,4030,12500,0.3224,595,100
Flat100,4+4,underdog,GPM,100,951,525,426,55.21,34086,33086,95100,0.3479,1325,100
Flat100,4+4,underdog,GPM,200,526,283,243,53.80,16689,15689,52600,0.2983,1609,100
Flat100,4+4,underdog,GPM,300,245,131,114,53.47,8444,7444,24500,0.3038,909,100
Flat100,4+4,underdog,GPM,400,104,58,46,55.77,4878,3878,10400,0.3729,882,100
Flat100,4+4,underdog,GPM,500,40,19,21,47.50,1621,621,4000,0.1552,582,100
Flat100,4+4,underdog,XPM,100,845,483,362,57.16,34525,33525,84500,0.3967,1000,100
Flat100,4+4,underdog,XPM,200,424,233,191,54.95,15595,14595,42400,0.3442,826,100
Flat100,4+4,underdog,XPM,300,185,104,81,56.22,8289,7289,18500,0.3940,506,100
Flat100,4+4,underdog,XPM,400,78,45,33,57.69,4231,3231,7800,0.4142,500,100
Flat100,4+4,underdog,XPM,500,25,13,12,52.00,1476,476,2500,0.1904,505,100
Flat100,4+4,underdog,HERO_DAMAGE,5000,818,465,353,56.85,33596,32596,81800,0.3985,1100,100
Flat100,4+4,underdog,HERO_DAMAGE,10000,516,288,228,55.81,20185,19185,51600,0.3718,1150,100
Flat100,4+4,underdog,HERO_DAMAGE,15000,277,150,127,54.15,10241,9241,27700,0.3336,1618,100
Flat100,4+4,underdog,HERO_DAMAGE,20000,134,81,53,60.45,6913,5913,13400,0.4413,944,100
Flat100,4+4,underdog,HERO_DAMAGE,25000,56,40,16,71.43,4668,3668,5600,0.6550,514,100
Flat100,4+4,underdog,TOWER_DAMAGE,5000,631,370,261,58.64,27012,26012,63100,0.4122,715,100
Flat100,4+4,underdog,TOWER_DAMAGE,10000,150,87,63,58.00,6832,5832,15000,0.3888,500,100
Flat100,4+4,underdog,TOWER_DAMAGE,15000,13,6,7,46.15,1264,264,1300,0.2031,404,100
Flat100,4+4,underdog,TOWER_DAMAGE,20000,1,0,1,0.00,900,-100,100,-1.0000,100,100
Flat100,4+4,underdog,TOWER_DAMAGE,25000,0,0,0,0.00,1000,0,0,0.0000,0,0
Flat100,4+4,underdog,DAMAGE_TAKEN,10000,814,483,331,59.34,39945,38945,81400,0.4784,933,100
Flat100,4+4,underdog,DAMAGE_TAKEN,20000,465,275,190,59.14,22791,21791,46500,0.4686,812,100
Flat100,4+4,underdog,DAMAGE_TAKEN,30000,266,156,110,58.65,12628,11628,26600,0.4371,896,100
Flat100,4+4,underdog,DAMAGE_TAKEN,40000,155,90,65,58.06,7705,6705,15500,0.4326,881,100
Flat100,4+4,underdog,DAMAGE_TAKEN,50000,84,46,38,54.76,4016,3016,8400,0.3590,770,100
Flat100,4+4,underdog,TEAM_PARTICIPATION,1,1084,629,455,58.03,49384,48384,108400,0.4463,814,100
Flat100,4+4,underdog,TEAM_PARTICIPATION,2,651,372,279,57.14,27625,26625,65100,0.4090,714,100
Flat100,4+4,underdog,TEAM_PARTICIPATION,3,328,191,137,58.23,14430,13430,32800,0.4095,802,100
Flat100,4+4,underdog,TEAM_PARTICIPATION,4,148,87,61,58.78,7138,6138,14800,0.4147,505,100
Flat100,4+4,underdog,TEAM_PARTICIPATION,5,60,37,23,61.67,3716,2716,6000,0.4527,300,100
Flat100,4+4,favorite,GPM,100,1435,1130,305,78.75,22716,21716,143500,0.1513,993,100
Flat100,4+4,favorite,GPM,200,802,630,172,78.55,12562,11562,80200,0.1442,1118,100
Flat100,4+4,favorite,GPM,300,370,292,78,78.92,6073,5073,37000,0.1371,888,100
Flat100,4+4,favorite,GPM,400,173,141,32,81.50,3823,2823,17300,0.1632,507,100
Flat100,4+4,favorite,GPM,500,68,56,12,82.35,2198,1198,6800,0.1762,200,100
Flat100,4+4,favorite,XPM,100,1205,963,242,79.92,21306,20306,120500,0.1685,792,100
Flat100,4+4,favorite,XPM,200,622,497,125,79.90,10888,9888,62200,0.1590,723,100
Flat100,4+4,favorite,XPM,300,252,197,55,78.17,4504,3504,25200,0.1390,740,100
Flat100,4+4,favorite,XPM,400,98,79,19,80.61,2600,1600,9800,0.1633,283,100
Flat100,4+4,favorite,XPM,500,40,29,11,72.50,1242,242,4000,0.0605,300,100
Flat100,4+4,favorite,HERO_DAMAGE,5000,1110,884,226,79.64,19074,18074,111000,0.1628,907,100
Flat100,4+4,favorite,HERO_DAMAGE,10000,667,529,138,79.31,11352,10352,66700,0.1552,1046,100
Flat100,4+4,favorite,HERO_DAMAGE,15000,359,277,82,77.16,5369,4369,35900,0.1217,485,100
Flat100,4+4,favorite,HERO_DAMAGE,20000,160,122,38,76.25,2994,1994,16000,0.1246,500,100
Flat100,4+4,favorite,HERO_DAMAGE,25000,68,47,21,69.12,1000,0,6800,0.0000,840,100
Flat100,4+4,favorite,TOWER_DAMAGE,5000,1017,809,208,79.55,17155,16155,101700,0.1588,750,100
Flat100,4+4,favorite,TOWER_DAMAGE,10000,241,193,48,80.08,4569,3569,24100,0.1481,500,100
Flat100,4+4,favorite,TOWER_DAMAGE,15000,31,27,4,87.10,1651,651,3100,0.2100,161,100
Flat100,4+4,favorite,TOWER_DAMAGE,20000,1,0,1,0.00,900,-100,100,-1.0000,100,100
Flat100,4+4,favorite,TOWER_DAMAGE,25000,0,0,0,0.00,1000,0,0,0.0000,0,0
Flat100,4+4,favorite,DAMAGE_TAKEN,10000,1194,949,245,79.48,20327,19327,119400,0.1619,1801,100
Flat100,4+4,favorite,DAMAGE_TAKEN,20000,719,570,149,79.28,12021,11021,71900,0.1533,1680,100
Flat100,4+4,favorite,DAMAGE_TAKEN,30000,436,348,88,79.82,7767,6767,43600,0.1552,1024,100
Flat100,4+4,favorite,DAMAGE_TAKEN,40000,255,203,52,79.61,4929,3929,25500,0.1541,688,100
Flat100,4+4,favorite,DAMAGE_TAKEN,50000,155,128,27,82.58,4281,3281,15500,0.2117,450,100
Flat100,4+4,favorite,TEAM_PARTICIPATION,1,1275,1021,254,80.08,23021,22021,127500,0.1727,859,100
Flat100,4+4,favorite,TEAM_PARTICIPATION,2,766,611,155,79.77,13710,12710,76600,0.1659,597,100
Flat100,4+4,favorite,TEAM_PARTICIPATION,3,400,313,87,78.25,6523,5523,40000,0.1381,476,100
Flat100,4+4,favorite,TEAM_PARTICIPATION,4,161,132,29,81.99,4078,3078,16100,0.1912,300,100
Flat100,4+4,favorite,TEAM_PARTICIPATION,5,60,49,11,81.67,2256,1256,6000,0.2093,300,100
Flat5PctInitial,4+4,any,GPM,100,2467,1705,762,69.11,29015,28015,123350,0.2271,810,50
Flat5PctInitial,4+4,any,GPM,200,1376,943,433,68.53,15024,14024,68800,0.2038,1122,50
Flat5PctInitial,4+4,any,GPM,300,644,439,205,68.17,7300,6300,32200,0.1956,534,50
Flat5PctInitial,4+4,any,GPM,400,294,209,85,71.09,4432,3432,14700,0.2334,459,50
Flat5PctInitial,4+4,any,GPM,500,115,79,36,68.70,1933,933,5750,0.1622,274,50
Flat5PctInitial,4+4,any,XPM,100,2123,1491,632,70.23,28459,27459,106150,0.2587,927,50
Flat5PctInitial,4+4,any,XPM,200,1089,756,333,69.42,13516,12516,54450,0.2299,711,50
Flat5PctInitial,4+4,any,XPM,300,456,311,145,68.20,6378,5378,22800,0.2359,388,50
Flat5PctInitial,4+4,any,XPM,400,187,129,58,68.98,3332,2332,9350,0.2494,311,50
Flat5PctInitial,4+4,any,XPM,500,71,45,26,63.38,1340,340,3550,0.0956,277,50
Flat5PctInitial,4+4,any,HERO_DAMAGE,5000,2005,1391,614,69.38,26404,25404,100250,0.2534,995,50
Flat5PctInitial,4+4,any,HERO_DAMAGE,10000,1233,843,390,68.37,15694,14694,61650,0.2383,1085,50
Flat5PctInitial,4+4,any,HERO_DAMAGE,15000,667,443,224,66.42,7748,6748,33350,0.2023,1201,50
Flat5PctInitial,4+4,any,HERO_DAMAGE,20000,309,211,98,68.28,4949,3949,15450,0.2556,453,50
Flat5PctInitial,4+4,any,HERO_DAMAGE,25000,128,88,40,68.75,2728,1728,6400,0.2699,391,50
Flat5PctInitial,4+4,any,TOWER_DAMAGE,5000,1711,1218,493,71.19,22569,21569,85550,0.2521,332,50
Flat5PctInitial,4+4,any,TOWER_DAMAGE,10000,414,293,121,70.77,5760,4760,20700,0.2300,276,50
Flat5PctInitial,4+4,any,TOWER_DAMAGE,15000,47,35,12,74.47,1494,494,2350,0.2100,125,50
Flat5PctInitial,4+4,any,TOWER_DAMAGE,20000,2,0,2,0.00,900,-100,100,-1.0000,100,50
Flat5PctInitial,4+4,any,TOWER_DAMAGE,25000,0,0,0,0.00,1000,0,0,0.0000,0,0
Flat5PctInitial,4+4,any,DAMAGE_TAKEN,10000,2076,1473,603,70.95,30560,29560,103800,0.2848,952,50
Flat5PctInitial,4+4,any,DAMAGE_TAKEN,20000,1231,872,359,70.84,17573,16573,61550,0.2693,1003,50
Flat5PctInitial,4+4,any,DAMAGE_TAKEN,30000,726,519,207,71.49,10396,9396,36300,0.2588,874,50
Flat5PctInitial,4+4,any,DAMAGE_TAKEN,40000,428,304,124,71.03,6443,5443,21400,0.2543,476,50
Flat5PctInitial,4+4,any,DAMAGE_TAKEN,50000,247,178,69,72.06,4120,3120,12350,0.2526,365,50
Flat5PctInitial,4+4,any,TEAM_PARTICIPATION,1,2455,1704,751,69.41,36440,35440,122750,0.2887,781,50
Flat5PctInitial,4+4,any,TEAM_PARTICIPATION,2,1475,1014,461,68.75,20656,19656,73750,0.2665,534,50
Flat5PctInitial,4+4,any,TEAM_PARTICIPATION,3,757,518,239,68.43,10330,9330,37850,0.2465,492,50
Flat5PctInitial,4+4,any,TEAM_PARTICIPATION,4,323,222,101,68.73,5187,4187,16150,0.2593,397,50
Flat5PctInitial,4+4,any,TEAM_PARTICIPATION,5,125,89,36,71.20,3015,2015,6250,0.3224,298,50
Flat5PctInitial,4+4,underdog,GPM,100,951,525,426,55.21,17543,16543,47550,0.3479,663,50
Flat5PctInitial,4+4,underdog,GPM,200,526,283,243,53.80,8845,7845,26300,0.2983,805,50
Flat5PctInitial,4+4,underdog,GPM,300,245,131,114,53.47,4722,3722,12250,0.3038,455,50
Flat5PctInitial,4+4,underdog,GPM,400,104,58,46,55.77,2939,1939,5200,0.3729,441,50
Flat5PctInitial,4+4,underdog,GPM,500,40,19,21,47.50,1311,311,2000,0.1552,291,50
Flat5PctInitial,4+4,underdog,XPM,100,845,483,362,57.16,17763,16763,42250,0.3967,500,50
Flat5PctInitial,4+4,underdog,XPM,200,424,233,191,54.95,8298,7298,21200,0.3442,413,50
Flat5PctInitial,4+4,underdog,XPM,300,185,104,81,56.22,4645,3645,9250,0.3940,253,50
Flat5PctInitial,4+4,underdog,XPM,400,78,45,33,57.69,2616,1616,3900,0.4142,250,50
Flat5PctInitial,4+4,underdog,XPM,500,25,13,12,52.00,1238,238,1250,0.1904,253,50
Flat5PctInitial,4+4,underdog,HERO_DAMAGE,5000,818,465,353,56.85,17298,16298,40900,0.3985,550,50
Flat5PctInitial,4+4,underdog,HERO_DAMAGE,10000,516,288,228,55.81,10593,9593,25800,0.3718,575,50
Flat5PctInitial,4+4,underdog,HERO_DAMAGE,15000,277,150,127,54.15,5621,4621,13850,0.3336,809,50
Flat5PctInitial,4+4,underdog,HERO_DAMAGE,20000,134,81,53,60.45,3957,2957,6700,0.4413,472,50
Flat5PctInitial,4+4,underdog,HERO_DAMAGE,25000,56,40,16,71.43,2834,1834,2800,0.6550,257,50
Flat5PctInitial,4+4,underdog,TOWER_DAMAGE,5000,631,370,261,58.64,14006,13006,31550,0.4122,358,50
Flat5PctInitial,4+4,underdog,TOWER_DAMAGE,10000,150,87,63,58.00,3916,2916,7500,0.3888,250,50
Flat5PctInitial,4+4,underdog,TOWER_DAMAGE,15000,13,6,7,46.15,1132,132,650,0.2031,202,50
Flat5PctInitial,4+4,underdog,TOWER_DAMAGE,20000,1,0,1,0.00,950,-50,50,-1.0000,50,50
Flat5PctInitial,4+4,underdog,TOWER_DAMAGE,25000,0,0,0,0.00,1000,0,0,0.0000,0,0
Flat5PctInitial,4+4,underdog,DAMAGE_TAKEN,10000,814,483,331,59.34,20473,19473,40700,0.4784,467,50
Flat5PctInitial,4+4,underdog,DAMAGE_TAKEN,20000,465,275,190,59.14,11896,10896,23250,0.4686,406,50
Flat5PctInitial,4+4,underdog,DAMAGE_TAKEN,30000,266,156,110,58.65,6814,5814,13300,0.4371,448,50
Flat5PctInitial,4+4,underdog,DAMAGE_TAKEN,40000,155,90,65,58.06,4353,3353,7750,0.4326,441,50
Flat5PctInitial,4+4,underdog,DAMAGE_TAKEN,50000,84,46,38,54.76,2508,1508,4200,0.3590,385,50
Flat5PctInitial,4+4,underdog,TEAM_PARTICIPATION,1,1084,629,455,58.03,25192,24192,54200,0.4463,407,50
Flat5PctInitial,4+4,underdog,TEAM_PARTICIPATION,2,651,372,279,57.14,14313,13313,32550,0.4090,357,50
Flat5PctInitial,4+4,underdog,TEAM_PARTICIPATION,3,328,191,137,58.23,7715,6715,16400,0.4095,401,50
Flat5PctInitial,4+4,underdog,TEAM_PARTICIPATION,4,148,87,61,58.78,4069,3069,7400,0.4147,253,50
Flat5PctInitial,4+4,underdog,TEAM_PARTICIPATION,5,60,37,23,61.67,2358,1358,3000,0.4527,150,50
Flat5PctInitial,4+4,favorite,GPM,100,1435,1130,305,78.75,11858,10858,71750,0.1513,497,50
Flat5PctInitial,4+4,favorite,GPM,200,802,630,172,78.55,6781,5781,40100,0.1442,559,50
Flat5PctInitial,4+4,favorite,GPM,300,370,292,78,78.92,3537,2537,18500,0.1371,444,50
Flat5PctInitial,4+4,favorite,GPM,400,173,141,32,81.50,2412,1412,8650,0.1632,254,50
Flat5PctInitial,4+4,favorite,GPM,500,68,56,12,82.35,1599,599,3400,0.1762,100,50
Flat5PctInitial,4+4,favorite,XPM,100,1205,963,242,79.92,11153,10153,60250,0.1685,396,50
Flat5PctInitial,4+4,favorite,XPM,200,622,497,125,79.90,5944,4944,31100,0.1590,362,50
Flat5PctInitial,4+4,favorite,XPM,300,252,197,55,78.17,2752,1752,12600,0.1390,370,50
Flat5PctInitial,4+4,favorite,XPM,400,98,79,19,80.61,1800,800,4900,0.1633,142,50
Flat5PctInitial,4+4,favorite,XPM,500,40,29,11,72.50,1121,121,2000,0.0605,150,50
Flat5PctInitial,4+4,favorite,HERO_DAMAGE,5000,1110,884,226,79.64,10037,9037,55500,0.1628,454,50
Flat5PctInitial,4+4,favorite,HERO_DAMAGE,10000,667,529,138,79.31,6176,5176,33350,0.1552,523,50
Flat5PctInitial,4+4,favorite,HERO_DAMAGE,15000,359,277,82,77.16,3185,2185,17950,0.1217,243,50
Flat5PctInitial,4+4,favorite,HERO_DAMAGE,20000,160,122,38,76.25,1997,997,8000,0.1246,250,50
Flat5PctInitial,4+4,favorite,HERO_DAMAGE,25000,68,47,21,69.12,1000,0,3400,0.0000,420,50
Flat5PctInitial,4+4,favorite,TOWER_DAMAGE,5000,1017,809,208,79.55,9078,8078,50850,0.1588,375,50
Flat5PctInitial,4+4,favorite,TOWER_DAMAGE,10000,241,193,48,80.08,2785,1785,12050,0.1481,250,50
Flat5PctInitial,4+4,favorite,TOWER_DAMAGE,15000,31,27,4,87.10,1326,326,1550,0.2100,81,50
Flat5PctInitial,4+4,favorite,TOWER_DAMAGE,20000,1,0,1,0.00,950,-50,50,-1.0000,50,50
Flat5PctInitial,4+4,favorite,TOWER_DAMAGE,25000,0,0,0,0.00,1000,0,0,0.0000,0,0
Flat5PctInitial,4+4,favorite,DAMAGE_TAKEN,10000,1194,949,245,79.48,10664,9664,59700,0.1619,901,50
Flat5PctInitial,4+4,favorite,DAMAGE_TAKEN,20000,719,570,149,79.28,6511,5511,35950,0.1533,840,50
Flat5PctInitial,4+4,favorite,DAMAGE_TAKEN,30000,436,348,88,79.82,4384,3384,21800,0.1552,512,50
Flat5PctInitial,4+4,favorite,DAMAGE_TAKEN,40000,255,203,52,79.61,2965,1965,12750,0.1541,344,50
Flat5PctInitial,4+4,favorite,DAMAGE_TAKEN,50000,155,128,27,82.58,2641,1641,7750,0.2117,225,50
Flat5PctInitial,4+4,favorite,TEAM_PARTICIPATION,1,1275,1021,254,80.08,12011,11011,63750,0.1727,430,50
Flat5PctInitial,4+4,favorite,TEAM_PARTICIPATION,2,766,611,155,79.77,7355,6355,38300,0.1659,299,50
Flat5PctInitial,4+4,favorite,TEAM_PARTICIPATION,3,400,313,87,78.25,3762,2762,20000,0.1381,238,50
Flat5PctInitial,4+4,favorite,TEAM_PARTICIPATION,4,161,132,29,81.99,2539,1539,8050,0.1912,150,50
Flat5PctInitial,4+4,favorite,TEAM_PARTICIPATION,5,60,49,11,81.67,1628,628,3000,0.2093,150,50
Flat100,5+5,any,GPM,100,456,360,96,78.95,18525,17525,45600,0.3843,555,100
Flat100,5+5,any,GPM,200,249,196,53,78.71,10419,9419,24900,0.3783,541,100
Flat100,5+5,any,GPM,300,123,101,22,82.11,7081,6081,12300,0.4944,441,100
Flat100,5+5,any,GPM,400,52,45,7,86.54,3739,2739,5200,0.5267,141,100
Flat100,5+5,any,GPM,500,16,13,3,81.25,1757,757,1600,0.4731,100,100
Flat100,5+5,any,XPM,100,353,273,80,77.34,14558,13558,35300,0.3841,496,100
Flat100,5+5,any,XPM,200,183,142,41,77.60,8017,7017,18300,0.3834,441,100
Flat100,5+5,any,XPM,300,71,58,13,81.69,4817,3817,7100,0.5376,200,100
Flat100,5+5,any,XPM,400,27,24,3,88.89,3238,2238,2700,0.8289,162,100
Flat100,5+5,any,XPM,500,6,6,0,100.00,1655,655,600,1.0917,0,100
Flat100,5+5,any,HERO_DAMAGE,5000,331,253,78,76.44,13633,12633,33100,0.3817,641,100
Flat100,5+5,any,HERO_DAMAGE,10000,193,149,44,77.20,9019,8019,19300,0.4155,483,100
Flat100,5+5,any,HERO_DAMAGE,15000,95,79,16,83.16,6257,5257,9500,0.5534,400,100
Flat100,5+5,any,HERO_DAMAGE,20000,40,34,6,85.00,3695,2695,4000,0.6737,200,100
Flat100,5+5,any,HERO_DAMAGE,25000,16,14,2,87.50,2411,1411,1600,0.8819,100,100
Flat100,5+5,any,TOWER_DAMAGE,5000,306,248,58,81.05,13179,12179,30600,0.3980,405,100
Flat100,5+5,any,TOWER_DAMAGE,10000,61,54,7,88.52,3914,2914,6100,0.4777,100,100
Flat100,5+5,any,TOWER_DAMAGE,15000,6,5,1,83.33,1166,166,600,0.2767,100,100
Flat100,5+5,any,TOWER_DAMAGE,20000,0,0,0,0.00,1000,0,0,0.0000,0,0
Flat100,5+5,any,TOWER_DAMAGE,25000,0,0,0,0.00,1000,0,0,0.0000,0,0
Flat100,5+5,any,DAMAGE_TAKEN,10000,310,254,56,81.94,15553,14553,31000,0.4695,293,100
Flat100,5+5,any,DAMAGE_TAKEN,20000,171,147,24,85.96,9494,8494,17100,0.4967,200,100
Flat100,5+5,any,DAMAGE_TAKEN,30000,93,81,12,87.10,5726,4726,9300,0.5082,201,100
Flat100,5+5,any,DAMAGE_TAKEN,40000,57,48,9,84.21,3633,2633,5700,0.4619,200,100
Flat100,5+5,any,DAMAGE_TAKEN,50000,35,29,6,82.86,2504,1504,3500,0.4297,200,100
Flat100,5+5,any,TEAM_PARTICIPATION,1,398,305,93,76.63,17701,16701,39800,0.4196,565,100
Flat100,5+5,any,TEAM_PARTICIPATION,2,260,206,54,79.23,13985,12985,26000,0.4994,434,100
Flat100,5+5,any,TEAM_PARTICIPATION,3,147,116,31,78.91,8589,7589,14700,0.5163,238,100
Flat100,5+5,any,TEAM_PARTICIPATION,4,49,39,10,79.59,3272,2272,4900,0.4637,251,100
Flat100,5+5,any,TEAM_PARTICIPATION,5,18,14,4,77.78,2284,1284,1800,0.7133,200,100
Flat100,5+5,underdog,GPM,100,149,101,48,67.79,11697,10697,14900,0.7179,500,100
Flat100,5+5,underdog,GPM,200,83,56,27,67.47,6461,5461,8300,0.6580,300,100
Flat100,5+5,underdog,GPM,300,44,32,12,72.73,4794,3794,4400,0.8623,300,100
Flat100,5+5,underdog,GPM,400,19,15,4,78.95,2729,1729,1900,0.9100,100,100
Flat100,5+5,underdog,GPM,500,7,4,3,57.14,1424,424,700,0.6057,100,100
Flat100,5+5,underdog,XPM,100,124,81,43,65.32,9365,8365,12400,0.6746,500,100
Flat100,5+5,underdog,XPM,200,60,39,21,65.00,5316,4316,6000,0.7193,300,100
Flat100,5+5,underdog,XPM,300,27,20,7,74.07,3730,2730,2700,1.0111,200,100
Flat100,5+5,underdog,XPM,400,13,11,2,84.62,2859,1859,1300,1.4300,200,100
Flat100,5+5,underdog,XPM,500,3,3,0,100.00,1514,514,300,1.7133,0,100
Flat100,5+5,underdog,HERO_DAMAGE,5000,127,84,43,66.14,9276,8276,12700,0.6517,742,100
Flat100,5+5,underdog,HERO_DAMAGE,10000,75,49,26,65.33,6067,5067,7500,0.6756,483,100
Flat100,5+5,underdog,HERO_DAMAGE,15000,40,30,10,75.00,4680,3680,4000,0.9200,300,100
Flat100,5+5,underdog,HERO_DAMAGE,20000,19,16,3,84.21,3132,2132,1900,1.1221,200,100
Flat100,5+5,underdog,HERO_DAMAGE,25000,8,8,0,100.00,2313,1313,800,1.6413,0,100
Flat100,5+5,underdog,TOWER_DAMAGE,5000,96,67,29,69.79,7895,6895,9600,0.7182,300,100
Flat100,5+5,underdog,TOWER_DAMAGE,10000,16,14,2,87.50,2750,1750,1600,1.0938,100,100
Flat100,5+5,underdog,TOWER_DAMAGE,15000,1,1,0,100.00,1092,92,100,0.9200,0,100
Flat100,5+5,underdog,TOWER_DAMAGE,20000,0,0,0,0.00,1000,0,0,0.0000,0,0
Flat100,5+5,underdog,TOWER_DAMAGE,25000,0,0,0,0.00,1000,0,0,0.0000,0,0
Flat100,5+5,underdog,DAMAGE_TAKEN,10000,120,88,32,73.33,10921,9921,12000,0.8267,300,100
Flat100,5+5,underdog,DAMAGE_TAKEN,20000,56,47,9,83.93,6698,5698,5600,1.0175,200,100
Flat100,5+5,underdog,DAMAGE_TAKEN,30000,29,26,3,89.66,4284,3284,2900,1.1324,100,100
Flat100,5+5,underdog,DAMAGE_TAKEN,40000,18,16,2,88.89,2957,1957,1800,1.0872,100,100
Flat100,5+5,underdog,DAMAGE_TAKEN,50000,10,9,1,90.00,2218,1218,1000,1.2180,100,100
Flat100,5+5,underdog,TEAM_PARTICIPATION,1,165,113,52,68.48,12644,11644,16500,0.7057,300,100
Flat100,5+5,underdog,TEAM_PARTICIPATION,2,111,83,28,74.77,10765,9765,11100,0.8797,300,100
Flat100,5+5,underdog,TEAM_PARTICIPATION,3,65,50,15,76.92,7004,6004,6500,0.9237,200,100
Flat100,5+5,underdog,TEAM_PARTICIPATION,4,20,15,5,75.00,2662,1662,2000,0.8310,200,100
Flat100,5+5,underdog,TEAM_PARTICIPATION,5,11,9,2,81.82,2193,1193,1100,1.0845,100,100
Flat100,5+5,favorite,GPM,100,301,255,46,84.72,7681,6681,30100,0.2220,383,100
Flat100,5+5,favorite,GPM,200,161,136,25,84.47,4711,3711,16100,0.2305,302,100
Flat100,5+5,favorite,GPM,300,76,67,9,88.16,3213,2213,7600,0.2912,260,100
Flat100,5+5,favorite,GPM,400,33,30,3,90.91,2010,1010,3300,0.3061,100,100
Flat100,5+5,favorite,GPM,500,9,9,0,100.00,1333,333,900,0.3700,0,100
Flat100,5+5,favorite,XPM,100,223,188,35,84.30,6046,5046,22300,0.2263,308,100
Flat100,5+5,favorite,XPM,200,120,100,20,83.33,3441,2441,12000,0.2034,239,100
Flat100,5+5,favorite,XPM,300,43,37,6,86.05,2001,1001,4300,0.2328,142,100
Flat100,5+5,favorite,XPM,400,14,13,1,92.86,1379,379,1400,0.2707,100,100
Flat100,5+5,favorite,XPM,500,3,3,0,100.00,1141,141,300,0.4700,0,100
Flat100,5+5,favorite,HERO_DAMAGE,5000,195,165,30,84.62,5508,4508,19500,0.2312,273,100
Flat100,5+5,favorite,HERO_DAMAGE,10000,115,98,17,85.22,3879,2879,11500,0.2503,373,100
Flat100,5+5,favorite,HERO_DAMAGE,15000,55,49,6,89.09,2577,1577,5500,0.2867,200,100
Flat100,5+5,favorite,HERO_DAMAGE,20000,21,18,3,85.71,1563,563,2100,0.2681,200,100
Flat100,5+5,favorite,HERO_DAMAGE,25000,8,6,2,75.00,1098,98,800,0.1225,172,100
Flat100,5+5,favorite,TOWER_DAMAGE,5000,205,178,27,86.83,6220,5220,20500,0.2546,200,100
Flat100,5+5,favorite,TOWER_DAMAGE,10000,44,40,4,90.91,2264,1264,4400,0.2873,100,100
Flat100,5+5,favorite,TOWER_DAMAGE,15000,5,4,1,80.00,1074,74,500,0.1480,100,100
Flat100,5+5,favorite,TOWER_DAMAGE,20000,0,0,0,0.00,1000,0,0,0.0000,0,0
Flat100,5+5,favorite,TOWER_DAMAGE,25000,0,0,0,0.00,1000,0,0,0.0000,0,0
Flat100,5+5,favorite,DAMAGE_TAKEN,10000,186,163,23,87.63,5471,4471,18600,0.2404,200,100
Flat100,5+5,favorite,DAMAGE_TAKEN,20000,111,97,14,87.39,3635,2635,11100,0.2374,200,100
Flat100,5+5,favorite,DAMAGE_TAKEN,30000,63,54,9,85.71,2355,1355,6300,0.2151,200,100
Flat100,5+5,favorite,DAMAGE_TAKEN,40000,38,31,7,81.58,1589,589,3800,0.1550,331,100
Flat100,5+5,favorite,DAMAGE_TAKEN,50000,25,20,5,80.00,1286,286,2500,0.1144,331,100
Flat100,5+5,favorite,TEAM_PARTICIPATION,1,221,185,36,83.71,5945,4945,22100,0.2238,494,100
Flat100,5+5,favorite,TEAM_PARTICIPATION,2,141,119,22,84.40,4272,3272,14100,0.2321,428,100
Flat100,5+5,favorite,TEAM_PARTICIPATION,3,76,63,13,82.89,2624,1624,7600,0.2137,318,100
Flat100,5+5,favorite,TEAM_PARTICIPATION,4,27,23,4,85.19,1625,625,2700,0.2315,200,100
Flat100,5+5,favorite,TEAM_PARTICIPATION,5,6,4,2,66.67,1006,6,600,0.0100,200,100
Flat5PctInitial,5+5,any,GPM,100,456,360,96,78.95,9763,8763,22800,0.3843,278,50
Flat5PctInitial,5+5,any,GPM,200,249,196,53,78.71,5710,4710,12450,0.3783,271,50
Flat5PctInitial,5+5,any,GPM,300,123,101,22,82.11,4041,3041,6150,0.4944,221,50
Flat5PctInitial,5+5,any,GPM,400,52,45,7,86.54,2370,1370,2600,0.5267,71,50
Flat5PctInitial,5+5,any,GPM,500,16,13,3,81.25,1379,379,800,0.4731,50,50
Flat5PctInitial,5+5,any,XPM,100,353,273,80,77.34,7779,6779,17650,0.3841,248,50
Flat5PctInitial,5+5,any,XPM,200,183,142,41,77.60,4509,3509,9150,0.3834,221,50
Flat5PctInitial,5+5,any,XPM,300,71,58,13,81.69,2909,1909,3550,0.5376,100,50
Flat5PctInitial,5+5,any,XPM,400,27,24,3,88.89,2119,1119,1350,0.8289,81,50
Flat5PctInitial,5+5,any,XPM,500,6,6,0,100.00,1328,328,300,1.0917,0,50
Flat5PctInitial,5+5,any,HERO_DAMAGE,5000,331,253,78,76.44,7317,6317,16550,0.3817,321,50
Flat5PctInitial,5+5,any,HERO_DAMAGE,10000,193,149,44,77.20,5010,4010,9650,0.4155,242,50
Flat5PctInitial,5+5,any,HERO_DAMAGE,15000,95,79,16,83.16,3629,2629,4750,0.5534,200,50
Flat5PctInitial,5+5,any,HERO_DAMAGE,20000,40,34,6,85.00,2348,1348,2000,0.6737,100,50
Flat5PctInitial,5+5,any,HERO_DAMAGE,25000,16,14,2,87.50,1706,706,800,0.8819,50,50
Flat5PctInitial,5+5,any,TOWER_DAMAGE,5000,306,248,58,81.05,7090,6090,15300,0.3980,203,50
Flat5PctInitial,5+5,any,TOWER_DAMAGE,10000,61,54,7,88.52,2457,1457,3050,0.4777,50,50
Flat5PctInitial,5+5,any,TOWER_DAMAGE,15000,6,5,1,83.33,1083,83,300,0.2767,50,50
Flat5PctInitial,5+5,any,TOWER_DAMAGE,20000,0,0,0,0.00,1000,0,0,0.0000,0,0
Flat5PctInitial,5+5,any,TOWER_DAMAGE,25000,0,0,0,0.00,1000,0,0,0.0000,0,0
Flat5PctInitial,5+5,any,DAMAGE_TAKEN,10000,310,254,56,81.94,8277,7277,15500,0.4695,147,50
Flat5PctInitial,5+5,any,DAMAGE_TAKEN,20000,171,147,24,85.96,5247,4247,8550,0.4967,100,50
Flat5PctInitial,5+5,any,DAMAGE_TAKEN,30000,93,81,12,87.10,3363,2363,4650,0.5082,101,50
Flat5PctInitial,5+5,any,DAMAGE_TAKEN,40000,57,48,9,84.21,2317,1317,2850,0.4619,100,50
Flat5PctInitial,5+5,any,DAMAGE_TAKEN,50000,35,29,6,82.86,1752,752,1750,0.4297,100,50
Flat5PctInitial,5+5,any,TEAM_PARTICIPATION,1,398,305,93,76.63,9351,8351,19900,0.4196,283,50
Flat5PctInitial,5+5,any,TEAM_PARTICIPATION,2,260,206,54,79.23,7493,6493,13000,0.4994,217,50
Flat5PctInitial,5+5,any,TEAM_PARTICIPATION,3,147,116,31,78.91,4795,3795,7350,0.5163,119,50
Flat5PctInitial,5+5,any,TEAM_PARTICIPATION,4,49,39,10,79.59,2136,1136,2450,0.4637,126,50
Flat5PctInitial,5+5,any,TEAM_PARTICIPATION,5,18,14,4,77.78,1642,642,900,0.7133,100,50
Flat5PctInitial,5+5,underdog,GPM,100,149,101,48,67.79,6349,5349,7450,0.7179,250,50
Flat5PctInitial,5+5,underdog,GPM,200,83,56,27,67.47,3731,2731,4150,0.6580,150,50
Flat5PctInitial,5+5,underdog,GPM,300,44,32,12,72.73,2897,1897,2200,0.8623,150,50
Flat5PctInitial,5+5,underdog,GPM,400,19,15,4,78.95,1865,865,950,0.9100,50,50
Flat5PctInitial,5+5,underdog,GPM,500,7,4,3,57.14,1212,212,350,0.6057,50,50
Flat5PctInitial,5+5,underdog,XPM,100,124,81,43,65.32,5183,4183,6200,0.6746,250,50
Flat5PctInitial,5+5,underdog,XPM,200,60,39,21,65.00,3158,2158,3000,0.7193,150,50
Flat5PctInitial,5+5,underdog,XPM,300,27,20,7,74.07,2365,1365,1350,1.0111,100,50
Flat5PctInitial,5+5,underdog,XPM,400,13,11,2,84.62,1930,930,650,1.4300,100,50
Flat5PctInitial,5+5,underdog,XPM,500,3,3,0,100.00,1257,257,150,1.7133,0,50
Flat5PctInitial,5+5,underdog,HERO_DAMAGE,5000,127,84,43,66.14,5138,4138,6350,0.6517,371,50
Flat5PctInitial,5+5,underdog,HERO_DAMAGE,10000,75,49,26,65.33,3534,2534,3750,0.6756,242,50
Flat5PctInitial,5+5,underdog,HERO_DAMAGE,15000,40,30,10,75.00,2840,1840,2000,0.9200,150,50
Flat5PctInitial,5+5,underdog,HERO_DAMAGE,20000,19,16,3,84.21,2066,1066,950,1.1221,100,50
Flat5PctInitial,5+5,underdog,HERO_DAMAGE,25000,8,8,0,100.00,1657,657,400,1.6413,0,50
Flat5PctInitial,5+5,underdog,TOWER_DAMAGE,5000,96,67,29,69.79,4448,3448,4800,0.7182,150,50
Flat5PctInitial,5+5,underdog,TOWER_DAMAGE,10000,16,14,2,87.50,1875,875,800,1.0938,50,50
Flat5PctInitial,5+5,underdog,TOWER_DAMAGE,15000,1,1,0,100.00,1046,46,50,0.9200,0,50
Flat5PctInitial,5+5,underdog,TOWER_DAMAGE,20000,0,0,0,0.00,1000,0,0,0.0000,0,0
Flat5PctInitial,5+5,underdog,TOWER_DAMAGE,25000,0,0,0,0.00,1000,0,0,0.0000,0,0
Flat5PctInitial,5+5,underdog,DAMAGE_TAKEN,10000,120,88,32,73.33,5961,4961,6000,0.8267,150,50
Flat5PctInitial,5+5,underdog,DAMAGE_TAKEN,20000,56,47,9,83.93,3849,2849,2800,1.0175,100,50
Flat5PctInitial,5+5,underdog,DAMAGE_TAKEN,30000,29,26,3,89.66,2642,1642,1450,1.1324,50,50
Flat5PctInitial,5+5,underdog,DAMAGE_TAKEN,40000,18,16,2,88.89,1979,979,900,1.0872,50,50
Flat5PctInitial,5+5,underdog,DAMAGE_TAKEN,50000,10,9,1,90.00,1609,609,500,1.2180,50,50
Flat5PctInitial,5+5,underdog,TEAM_PARTICIPATION,1,165,113,52,68.48,6822,5822,8250,0.7057,150,50
Flat5PctInitial,5+5,underdog,TEAM_PARTICIPATION,2,111,83,28,74.77,5883,4883,5550,0.8797,150,50
Flat5PctInitial,5+5,underdog,TEAM_PARTICIPATION,3,65,50,15,76.92,4002,3002,3250,0.9237,100,50
Flat5PctInitial,5+5,underdog,TEAM_PARTICIPATION,4,20,15,5,75.00,1831,831,1000,0.8310,100,50
Flat5PctInitial,5+5,underdog,TEAM_PARTICIPATION,5,11,9,2,81.82,1597,597,550,1.0845,50,50
Flat5PctInitial,5+5,favorite,GPM,100,301,255,46,84.72,4341,3341,15050,0.2220,192,50
Flat5PctInitial,5+5,favorite,GPM,200,161,136,25,84.47,2856,1856,8050,0.2305,151,50
Flat5PctInitial,5+5,favorite,GPM,300,76,67,9,88.16,2107,1107,3800,0.2912,130,50
Flat5PctInitial,5+5,favorite,GPM,400,33,30,3,90.91,1505,505,1650,0.3061,50,50
Flat5PctInitial,5+5,favorite,GPM,500,9,9,0,100.00,1167,167,450,0.3700,0,50
Flat5PctInitial,5+5,favorite,XPM,100,223,188,35,84.30,3523,2523,11150,0.2263,154,50
Flat5PctInitial,5+5,favorite,XPM,200,120,100,20,83.33,2221,1221,6000,0.2034,120,50
Flat5PctInitial,5+5,favorite,XPM,300,43,37,6,86.05,1501,501,2150,0.2328,71,50
Flat5PctInitial,5+5,favorite,XPM,400,14,13,1,92.86,1190,190,700,0.2707,50,50
Flat5PctInitial,5+5,favorite,XPM,500,3,3,0,100.00,1071,71,150,0.4700,0,50
Flat5PctInitial,5+5,favorite,HERO_DAMAGE,5000,195,165,30,84.62,3254,2254,9750,0.2312,137,50
Flat5PctInitial,5+5,favorite,HERO_DAMAGE,10000,115,98,17,85.22,2440,1440,5750,0.2503,187,50
Flat5PctInitial,5+5,favorite,HERO_DAMAGE,15000,55,49,6,89.09,1789,789,2750,0.2867,100,50
Flat5PctInitial,5+5,favorite,HERO_DAMAGE,20000,21,18,3,85.71,1282,282,1050,0.2681,100,50
Flat5PctInitial,5+5,favorite,HERO_DAMAGE,25000,8,6,2,75.00,1049,49,400,0.1225,86,50
Flat5PctInitial,5+5,favorite,TOWER_DAMAGE,5000,205,178,27,86.83,3610,2610,10250,0.2546,100,50
Flat5PctInitial,5+5,favorite,TOWER_DAMAGE,10000,44,40,4,90.91,1632,632,2200,0.2873,50,50
Flat5PctInitial,5+5,favorite,TOWER_DAMAGE,15000,5,4,1,80.00,1037,37,250,0.1480,50,50
Flat5PctInitial,5+5,favorite,TOWER_DAMAGE,20000,0,0,0,0.00,1000,0,0,0.0000,0,0
Flat5PctInitial,5+5,favorite,TOWER_DAMAGE,25000,0,0,0,0.00,1000,0,0,0.0000,0,0
Flat5PctInitial,5+5,favorite,DAMAGE_TAKEN,10000,186,163,23,87.63,3236,2236,9300,0.2404,100,50
Flat5PctInitial,5+5,favorite,DAMAGE_TAKEN,20000,111,97,14,87.39,2318,1318,5550,0.2374,100,50
Flat5PctInitial,5+5,favorite,DAMAGE_TAKEN,30000,63,54,9,85.71,1678,678,3150,0.2151,100,50
Flat5PctInitial,5+5,favorite,DAMAGE_TAKEN,40000,38,31,7,81.58,1295,295,1900,0.1550,166,50
Flat5PctInitial,5+5,favorite,DAMAGE_TAKEN,50000,25,20,5,80.00,1143,143,1250,0.1144,166,50
Flat5PctInitial,5+5,favorite,TEAM_PARTICIPATION,1,221,185,36,83.71,3473,2473,11050,0.2238,247,50
Flat5PctInitial,5+5,favorite,TEAM_PARTICIPATION,2,141,119,22,84.40,2636,1636,7050,0.2321,214,50
Flat5PctInitial,5+5,favorite,TEAM_PARTICIPATION,3,76,63,13,82.89,1812,812,3800,0.2137,159,50
Flat5PctInitial,5+5,favorite,TEAM_PARTICIPATION,4,27,23,4,85.19,1313,313,1350,0.2315,100,50
Flat5PctInitial,5+5,favorite,TEAM_PARTICIPATION,5,6,4,2,66.67,1003,3,300,0.0100,100,50
Fibonacci_$1,none,any,GPM,100,14227,7193,7034,50.56,-1376,-2376,51517,-0.0461,2516,610
Fibonacci_$1,none,any,GPM,200,7557,3802,3755,50.31,-3683,-4683,53965,-0.0868,7645,2584
Fibonacci_$1,none,any,GPM,300,3525,1791,1734,50.81,247,-753,12975,-0.0580,1300,377
Fibonacci_$1,none,any,GPM,400,1463,759,704,51.88,729,-271,4268,-0.0636,393,144
Fibonacci_$1,none,any,GPM,500,523,279,244,53.35,986,-14,1581,-0.0086,209,89
Fibonacci_$1,none,any,XPM,100,13986,6971,7015,49.84,-1804,-2804,85010,-0.0330,3909,1597
Fibonacci_$1,none,any,XPM,200,7296,3619,3677,49.60,-4376,-5376,77037,-0.0698,17807,10000
Fibonacci_$1,none,any,XPM,300,3184,1544,1640,48.49,-1434,-2434,26054,-0.0934,3094,987
Fibonacci_$1,none,any,XPM,400,1247,630,617,50.52,620,-380,5192,-0.0732,401,144
Fibonacci_$1,none,any,XPM,500,438,232,206,52.97,977,-23,1279,-0.0177,122,55
Fibonacci_$1,none,any,HERO_DAMAGE,5000,15738,7592,8146,48.24,869,-131,186209,-0.0007,13530,10000
Fibonacci_$1,none,any,HERO_DAMAGE,10000,9890,4653,5237,47.05,-14369,-15369,150962,-0.1018,17104,4181
Fibonacci_$1,none,any,HERO_DAMAGE,15000,5546,2568,2978,46.30,-51560,-52560,351902,-0.1494,64389,10000
Fibonacci_$1,none,any,HERO_DAMAGE,20000,2747,1276,1471,46.45,-9783,-10783,154782,-0.0697,30430,10000
Fibonacci_$1,none,any,HERO_DAMAGE,25000,1233,566,667,45.90,-226,-1226,18073,-0.0678,2850,987
Fibonacci_$1,none,any,TOWER_DAMAGE,5000,8745,4531,4214,51.81,695,-305,22891,-0.0133,737,144
Fibonacci_$1,none,any,TOWER_DAMAGE,10000,1999,1016,983,50.83,787,-213,4131,-0.0515,293,89
Fibonacci_$1,none,any,TOWER_DAMAGE,15000,269,139,130,51.67,979,-21,513,-0.0406,60,21
Fibonacci_$1,none,any,TOWER_DAMAGE,20000,15,7,8,46.67,1000,0,26,-0.0185,8,5
Fibonacci_$1,none,any,TOWER_DAMAGE,25000,1,0,1,0.00,999,-1,1,-1.0000,1,1
Fibonacci_$1,none,any,DAMAGE_TAKEN,10000,15328,7581,7747,49.46,-5162,-6162,79743,-0.0773,8391,2584
Fibonacci_$1,none,any,DAMAGE_TAKEN,20000,9276,4578,4698,49.35,-2722,-3722,41430,-0.0898,4612,1597
Fibonacci_$1,none,any,DAMAGE_TAKEN,30000,5305,2650,2655,49.95,-1122,-2122,26625,-0.0797,2546,987
Fibonacci_$1,none,any,DAMAGE_TAKEN,40000,2949,1491,1458,50.56,1488,488,27754,0.0176,7624,4181
Fibonacci_$1,none,any,DAMAGE_TAKEN,50000,1735,888,847,51.18,571,-429,8716,-0.0492,689,377
Fibonacci_$1,none,any,TEAM_PARTICIPATION,1,15277,7543,7734,49.37,-1050,-2050,82389,-0.0249,5964,1597
Fibonacci_$1,none,any,TEAM_PARTICIPATION,2,8973,4426,4547,49.33,-2919,-3919,72799,-0.0538,11970,6765
Fibonacci_$1,none,any,TEAM_PARTICIPATION,3,4577,2244,2333,49.03,-370,-1370,30547,-0.0448,3315,1597
Fibonacci_$1,none,any,TEAM_PARTICIPATION,4,2017,969,1048,48.04,847,-153,24719,-0.0062,6303,2584
Fibonacci_$1,none,any,TEAM_PARTICIPATION,5,760,377,383,49.61,760,-240,3720,-0.0645,566,233
Fibonacci_$1,none,underdog,GPM,100,6601,2385,4216,36.13,-2059947,-2060947,19654646,-0.1049,2269283,10000
Fibonacci_$1,none,underdog,GPM,200,3503,1252,2251,35.74,-1387353,-1388353,11217962,-0.1238,1484033,10000
Fibonacci_$1,none,underdog,GPM,300,1625,599,1026,36.86,-178059,-179059,2984678,-0.0600,446027,10000
Fibonacci_$1,none,underdog,GPM,400,661,247,414,37.37,3041,2041,336854,0.0061,70304,10000
Fibonacci_$1,none,underdog,GPM,500,222,79,143,35.59,2347,1347,7729,0.1742,1027,610
Fibonacci_$1,none,underdog,XPM,100,6651,2368,4283,35.60,-3787096,-3788096,29239617,-0.1296,3948317,10000
Fibonacci_$1,none,underdog,XPM,200,3435,1225,2210,35.66,-1396613,-1397613,12065273,-0.1158,1515656,10000
Fibonacci_$1,none,underdog,XPM,300,1494,516,978,34.54,-791330,-792330,5958178,-0.1330,833640,10000
Fibonacci_$1,none,underdog,XPM,400,564,206,358,36.52,42503,41503,726531,0.0571,63272,10000
Fibonacci_$1,none,underdog,XPM,500,190,76,114,40.00,1534,534,2022,0.2643,364,233
Fibonacci_$1,none,underdog,HERO_DAMAGE,5000,7767,2712,5055,34.92,-6263203,-6264203,43811839,-0.1430,6307223,10000
Fibonacci_$1,none,underdog,HERO_DAMAGE,10000,4941,1664,3277,33.68,-5627465,-5628465,31681278,-0.1777,5650787,10000
Fibonacci_$1,none,underdog,HERO_DAMAGE,15000,2795,925,1870,33.09,-3408233,-3409233,17148386,-0.1988,3459554,10000
Fibonacci_$1,none,underdog,HERO_DAMAGE,20000,1414,483,931,34.16,-1397244,-1398244,8145203,-0.1717,1538769,10000
Fibonacci_$1,none,underdog,HERO_DAMAGE,25000,622,205,417,32.96,-630058,-631058,2820041,-0.2238,666921,10000
Fibonacci_$1,none,underdog,TOWER_DAMAGE,5000,3898,1427,2471,36.61,-290315,-291315,5184799,-0.0562,435560,10000
Fibonacci_$1,none,underdog,TOWER_DAMAGE,10000,880,310,570,35.23,-403999,-404999,3540222,-0.1144,566479,10000
Fibonacci_$1,none,underdog,TOWER_DAMAGE,15000,125,44,81,35.20,5029,4029,19836,0.2031,4383,2584
Fibonacci_$1,none,underdog,TOWER_DAMAGE,20000,8,2,6,25.00,1002,2,28,0.0539,12,8
Fibonacci_$1,none,underdog,TOWER_DAMAGE,25000,1,0,1,0.00,999,-1,1,-1.0000,1,1
Fibonacci_$1,none,underdog,DAMAGE_TAKEN,10000,7333,2586,4747,35.27,-2432609,-2433609,23803244,-0.1022,2577455,10000
Fibonacci_$1,none,underdog,DAMAGE_TAKEN,20000,4389,1535,2854,34.97,-1647499,-1648499,15439618,-0.1068,1724024,10000
Fibonacci_$1,none,underdog,DAMAGE_TAKEN,30000,2446,871,1575,35.61,-1004299,-1005299,7861896,-0.1279,1217063,10000
Fibonacci_$1,none,underdog,DAMAGE_TAKEN,40000,1336,480,856,35.93,-65668,-66668,1782782,-0.0374,194460,10000
Fibonacci_$1,none,underdog,DAMAGE_TAKEN,50000,782,278,504,35.55,-540581,-541581,3386837,-0.1599,615900,10000
Fibonacci_$1,none,underdog,TEAM_PARTICIPATION,1,7788,2836,4952,36.41,-1455816,-1456816,19354293,-0.0753,1570621,10000
Fibonacci_$1,none,underdog,TEAM_PARTICIPATION,2,4677,1715,2962,36.67,-695059,-696059,9722585,-0.0716,777791,10000
Fibonacci_$1,none,underdog,TEAM_PARTICIPATION,3,2421,889,1532,36.72,-544639,-545639,6264670,-0.0871,741034,10000
Fibonacci_$1,none,underdog,TEAM_PARTICIPATION,4,1095,393,702,35.89,53313,52313,692831,0.0755,70679,10000
Fibonacci_$1,none,underdog,TEAM_PARTICIPATION,5,412,155,257,37.62,18736,17736,232079,0.0764,41275,10000
Fibonacci_$1,none,favorite,GPM,100,7137,4561,2576,63.91,553,-447,9595,-0.0466,452,21
Fibonacci_$1,none,favorite,GPM,200,3791,2425,1366,63.97,623,-377,5731,-0.0657,382,89
Fibonacci_$1,none,favorite,GPM,300,1765,1129,636,63.97,896,-104,2248,-0.0461,120,13
Fibonacci_$1,none,favorite,GPM,400,747,484,263,64.79,912,-88,1068,-0.0822,112,21
Fibonacci_$1,none,favorite,GPM,500,284,193,91,67.96,980,-20,404,-0.0489,38,13
Fibonacci_$1,none,favorite,XPM,100,6825,4341,2484,63.60,520,-480,9417,-0.0510,498,34
Fibonacci_$1,none,favorite,XPM,200,3593,2254,1339,62.73,638,-362,5131,-0.0705,373,34
Fibonacci_$1,none,favorite,XPM,300,1571,965,606,61.43,801,-199,2309,-0.0861,206,21
Fibonacci_$1,none,favorite,XPM,400,638,399,239,62.54,867,-133,1068,-0.1248,154,34
Fibonacci_$1,none,favorite,XPM,500,231,148,83,64.07,982,-18,320,-0.0573,29,8
Fibonacci_$1,none,favorite,HERO_DAMAGE,5000,7381,4595,2786,62.25,1,-999,11522,-0.0867,1019,89
Fibonacci_$1,none,favorite,HERO_DAMAGE,10000,4552,2803,1749,61.58,480,-520,6591,-0.0788,523,34
Fibonacci_$1,none,favorite,HERO_DAMAGE,15000,2530,1538,992,60.79,720,-280,3534,-0.0792,281,21
Fibonacci_$1,none,favorite,HERO_DAMAGE,20000,1227,742,485,60.47,859,-141,1666,-0.0845,144,13
Fibonacci_$1,none,favorite,HERO_DAMAGE,25000,572,344,228,60.14,914,-86,845,-0.1012,88,13
Fibonacci_$1,none,favorite,TOWER_DAMAGE,5000,4509,2939,1570,65.18,797,-203,6044,-0.0337,222,34
Fibonacci_$1,none,favorite,TOWER_DAMAGE,10000,1038,667,371,64.26,941,-59,1313,-0.0447,69,13
Fibonacci_$1,none,favorite,TOWER_DAMAGE,15000,132,88,44,66.67,1000,0,146,-0.0033,9,3
Fibonacci_$1,none,favorite,TOWER_DAMAGE,20000,7,5,2,71.43,1000,0,7,0.0529,1,1
Fibonacci_$1,none,favorite,TOWER_DAMAGE,25000,0,0,0,0.00,1000,0,0,0.0000,0,0
Fibonacci_$1,none,favorite,DAMAGE_TAKEN,10000,7438,4693,2745,63.09,330,-670,10792,-0.0621,682,144
Fibonacci_$1,none,favorite,DAMAGE_TAKEN,20000,4526,2845,1681,62.86,136,-864,7957,-0.1086,878,233
Fibonacci_$1,none,favorite,DAMAGE_TAKEN,30000,2650,1664,986,62.79,561,-439,4471,-0.0981,460,89
Fibonacci_$1,none,favorite,DAMAGE_TAKEN,40000,1493,948,545,63.50,843,-157,2224,-0.0704,162,21
Fibonacci_$1,none,favorite,DAMAGE_TAKEN,50000,887,576,311,64.94,940,-60,1228,-0.0490,68,21
Fibonacci_$1,none,favorite,TEAM_PARTICIPATION,1,6930,4442,2488,64.10,474,-526,9742,-0.0540,533,89
Fibonacci_$1,none,favorite,TEAM_PARTICIPATION,2,3970,2559,1411,64.46,608,-392,5828,-0.0673,395,89
Fibonacci_$1,none,favorite,TEAM_PARTICIPATION,3,1999,1285,714,64.28,875,-125,2697,-0.0464,146,34
Fibonacci_$1,none,favorite,TEAM_PARTICIPATION,4,844,544,300,64.45,922,-78,1184,-0.0658,84,34
Fibonacci_$1,none,favorite,TEAM_PARTICIPATION,5,316,208,108,65.82,966,-34,450,-0.0760,41,21
Fibonacci_$1,4+4,any,GPM,100,2467,1705,762,69.11,2505,1505,7296,0.2062,988,610
Fibonacci_$1,4+4,any,GPM,200,1376,943,433,68.53,-309,-1309,10462,-0.1251,4180,2584
Fibonacci_$1,4+4,any,GPM,300,644,439,205,68.17,1138,138,842,0.1635,30,13
Fibonacci_$1,4+4,any,GPM,400,294,209,85,71.09,1077,77,321,0.2392,8,3
Fibonacci_$1,4+4,any,GPM,500,115,79,36,68.70,1021,21,143,0.1502,12,8
Fibonacci_$1,4+4,any,XPM,100,2123,1491,632,70.23,2331,1331,14167,0.0939,2586,1597
Fibonacci_$1,4+4,any,XPM,200,1089,756,333,69.42,901,-99,3235,-0.0305,986,610
Fibonacci_$1,4+4,any,XPM,300,456,311,145,68.20,1107,107,574,0.1867,33,21
Fibonacci_$1,4+4,any,XPM,400,187,129,58,68.98,1055,55,205,0.2675,7,3
Fibonacci_$1,4+4,any,XPM,500,71,45,26,63.38,1007,7,88,0.0830,7,5
Fibonacci_$1,4+4,any,HERO_DAMAGE,5000,2005,1391,614,69.38,790,-210,7953,-0.0264,2586,1597
Fibonacci_$1,4+4,any,HERO_DAMAGE,10000,1233,843,390,68.37,1162,162,2747,0.0589,612,377
Fibonacci_$1,4+4,any,HERO_DAMAGE,15000,667,443,224,66.42,1098,98,1292,0.0761,232,144
Fibonacci_$1,4+4,any,HERO_DAMAGE,20000,309,211,98,68.28,1116,116,413,0.2797,33,21
Fibonacci_$1,4+4,any,HERO_DAMAGE,25000,128,88,40,68.75,1049,49,167,0.2931,12,8
Fibonacci_$1,4+4,any,TOWER_DAMAGE,5000,1711,1218,493,71.19,1510,510,1908,0.2674,11,5
Fibonacci_$1,4+4,any,TOWER_DAMAGE,10000,414,293,121,70.77,1110,110,472,0.2323,8,5
Fibonacci_$1,4+4,any,TOWER_DAMAGE,15000,47,35,12,74.47,1010,10,48,0.2177,3,2
Fibonacci_$1,4+4,any,TOWER_DAMAGE,20000,2,0,2,0.00,998,-2,2,-1.0000,2,1
Fibonacci_$1,4+4,any,TOWER_DAMAGE,25000,0,0,0,0.00,1000,0,0,0.0000,0,0
Fibonacci_$1,4+4,any,DAMAGE_TAKEN,10000,2076,1473,603,70.95,1686,686,2679,0.2560,91,55
Fibonacci_$1,4+4,any,DAMAGE_TAKEN,20000,1231,872,359,70.84,1375,375,1588,0.2364,64,34
Fibonacci_$1,4+4,any,DAMAGE_TAKEN,30000,726,519,207,71.49,1136,136,1337,0.1015,206,89
Fibonacci_$1,4+4,any,DAMAGE_TAKEN,40000,428,304,124,71.03,1120,120,585,0.2044,41,21
Fibonacci_$1,4+4,any,DAMAGE_TAKEN,50000,247,178,69,72.06,1077,77,298,0.2590,12,8
Fibonacci_$1,4+4,any,TEAM_PARTICIPATION,1,2455,1704,751,69.41,1879,879,3194,0.2752,90,55
Fibonacci_$1,4+4,any,TEAM_PARTICIPATION,2,1475,1014,461,68.75,1454,454,1755,0.2585,35,21
Fibonacci_$1,4+4,any,TEAM_PARTICIPATION,3,757,518,239,68.43,1227,227,922,0.2462,20,13
Fibonacci_$1,4+4,any,TEAM_PARTICIPATION,4,323,222,101,68.73,1114,114,431,0.2633,20,13
Fibonacci_$1,4+4,any,TEAM_PARTICIPATION,5,125,89,36,71.20,1049,49,150,0.3277,7,5
Fibonacci_$1,4+4,underdog,GPM,100,951,525,426,55.21,1706,706,2009,0.3512,88,55
Fibonacci_$1,4+4,underdog,GPM,200,526,283,243,53.80,1552,552,1896,0.2912,212,144
Fibonacci_$1,4+4,underdog,GPM,300,245,131,114,53.47,1196,196,557,0.3526,47,34
Fibonacci_$1,4+4,underdog,GPM,400,104,58,46,55.77,1099,99,313,0.3158,54,34
Fibonacci_$1,4+4,underdog,GPM,500,40,19,21,47.50,1027,27,90,0.3012,12,8
Fibonacci_$1,4+4,underdog,XPM,100,845,483,362,57.16,1673,673,1743,0.3864,143,89
Fibonacci_$1,4+4,underdog,XPM,200,424,233,191,54.95,1275,275,677,0.4061,33,21
Fibonacci_$1,4+4,underdog,XPM,300,185,104,81,56.22,1134,134,284,0.4717,12,8
Fibonacci_$1,4+4,underdog,XPM,400,78,45,33,57.69,1062,62,125,0.4960,12,8
Fibonacci_$1,4+4,underdog,XPM,500,25,13,12,52.00,1004,4,39,0.1079,7,5
Fibonacci_$1,4+4,underdog,HERO_DAMAGE,5000,818,465,353,56.85,1635,635,1652,0.3846,232,144
Fibonacci_$1,4+4,underdog,HERO_DAMAGE,10000,516,288,228,55.81,1367,367,1308,0.2806,232,144
Fibonacci_$1,4+4,underdog,HERO_DAMAGE,15000,277,150,127,54.15,1274,274,1480,0.1849,369,233
Fibonacci_$1,4+4,underdog,HERO_DAMAGE,20000,134,81,53,60.45,1098,98,256,0.3834,31,21
Fibonacci_$1,4+4,underdog,HERO_DAMAGE,25000,56,40,16,71.43,1045,45,72,0.6232,7,5
Fibonacci_$1,4+4,underdog,TOWER_DAMAGE,5000,631,370,261,58.64,1432,432,919,0.4698,20,13
Fibonacci_$1,4+4,underdog,TOWER_DAMAGE,10000,150,87,63,58.00,1106,106,230,0.4605,12,8
Fibonacci_$1,4+4,underdog,TOWER_DAMAGE,15000,13,6,7,46.15,1009,9,18,0.5178,4,3
Fibonacci_$1,4+4,underdog,TOWER_DAMAGE,20000,1,0,1,0.00,999,-1,1,-1.0000,1,1
Fibonacci_$1,4+4,underdog,TOWER_DAMAGE,25000,0,0,0,0.00,1000,0,0,0.0000,0,0
Fibonacci_$1,4+4,underdog,DAMAGE_TAKEN,10000,814,483,331,59.34,1636,636,1389,0.4580,54,34
Fibonacci_$1,4+4,underdog,DAMAGE_TAKEN,20000,465,275,190,59.14,1342,342,859,0.3982,54,34
Fibonacci_$1,4+4,underdog,DAMAGE_TAKEN,30000,266,156,110,58.65,1196,196,603,0.3254,54,34
Fibonacci_$1,4+4,underdog,DAMAGE_TAKEN,40000,155,90,65,58.06,1106,106,268,0.3947,31,21
Fibonacci_$1,4+4,underdog,DAMAGE_TAKEN,50000,84,46,38,54.76,1061,61,188,0.3222,33,21
Fibonacci_$1,4+4,underdog,TEAM_PARTICIPATION,1,1084,629,455,58.03,1835,835,1718,0.4860,20,13
Fibonacci_$1,4+4,underdog,TEAM_PARTICIPATION,2,651,372,279,57.14,1442,442,943,0.4691,20,13
Fibonacci_$1,4+4,underdog,TEAM_PARTICIPATION,3,328,191,137,58.23,1232,232,533,0.4349,33,21
Fibonacci_$1,4+4,underdog,TEAM_PARTICIPATION,4,148,87,61,58.78,1097,97,191,0.5093,7,5
Fibonacci_$1,4+4,underdog,TEAM_PARTICIPATION,5,60,37,23,61.67,1031,31,65,0.4728,4,3
Fibonacci_$1,4+4,favorite,GPM,100,1435,1130,305,78.75,1226,226,1606,0.1408,34,21
Fibonacci_$1,4+4,favorite,GPM,200,802,630,172,78.55,1081,81,1010,0.0798,54,34
Fibonacci_$1,4+4,favorite,GPM,300,370,292,78,78.92,1053,53,407,0.1301,9,5
Fibonacci_$1,4+4,favorite,GPM,400,173,141,32,81.50,1029,29,179,0.1630,4,3
Fibonacci_$1,4+4,favorite,GPM,500,68,56,12,82.35,1012,12,69,0.1777,2,2
Fibonacci_$1,4+4,favorite,XPM,100,1205,963,242,79.92,1210,210,1327,0.1585,21,13
Fibonacci_$1,4+4,favorite,XPM,200,622,497,125,79.90,1092,92,716,0.1287,20,13
Fibonacci_$1,4+4,favorite,XPM,300,252,197,55,78.17,1036,36,283,0.1260,8,5
Fibonacci_$1,4+4,favorite,XPM,400,98,79,19,80.61,1017,17,100,0.1670,3,2
Fibonacci_$1,4+4,favorite,XPM,500,40,29,11,72.50,1003,3,45,0.0613,4,3
Fibonacci_$1,4+4,favorite,HERO_DAMAGE,5000,1110,884,226,79.64,1192,192,1199,0.1605,14,8
Fibonacci_$1,4+4,favorite,HERO_DAMAGE,10000,667,529,138,79.31,1108,108,716,0.1507,12,5
Fibonacci_$1,4+4,favorite,HERO_DAMAGE,15000,359,277,82,77.16,1048,48,378,0.1276,5,3
Fibonacci_$1,4+4,favorite,HERO_DAMAGE,20000,160,122,38,76.25,1020,20,188,0.1043,12,8
Fibonacci_$1,4+4,favorite,HERO_DAMAGE,25000,68,47,21,69.12,997,-3,89,-0.0370,14,8
Fibonacci_$1,4+4,favorite,TOWER_DAMAGE,5000,1017,809,208,79.55,1170,170,1080,0.1573,13,8
Fibonacci_$1,4+4,favorite,TOWER_DAMAGE,10000,241,193,48,80.08,1034,34,264,0.1276,12,8
Fibonacci_$1,4+4,favorite,TOWER_DAMAGE,15000,31,27,4,87.10,1007,7,31,0.2100,2,1
Fibonacci_$1,4+4,favorite,TOWER_DAMAGE,20000,1,0,1,0.00,999,-1,1,-1.0000,1,1
Fibonacci_$1,4+4,favorite,TOWER_DAMAGE,25000,0,0,0,0.00,1000,0,0,0.0000,0,0
Fibonacci_$1,4+4,favorite,DAMAGE_TAKEN,10000,1194,949,245,79.48,1206,206,1288,0.1602,20,5
Fibonacci_$1,4+4,favorite,DAMAGE_TAKEN,20000,719,570,149,79.28,1109,109,787,0.1383,21,8
Fibonacci_$1,4+4,favorite,DAMAGE_TAKEN,30000,436,348,88,79.82,1066,66,490,0.1346,20,13
Fibonacci_$1,4+4,favorite,DAMAGE_TAKEN,40000,255,203,52,79.61,1038,38,280,0.1346,9,5
Fibonacci_$1,4+4,favorite,DAMAGE_TAKEN,50000,155,128,27,82.58,1034,34,160,0.2099,5,3
Fibonacci_$1,4+4,favorite,TEAM_PARTICIPATION,1,1275,1021,254,80.08,1235,235,1329,0.1769,8,3
Fibonacci_$1,4+4,favorite,TEAM_PARTICIPATION,2,766,611,155,79.77,1136,136,820,0.1658,12,8
Fibonacci_$1,4+4,favorite,TEAM_PARTICIPATION,3,400,313,87,78.25,1059,59,423,0.1397,7,5
Fibonacci_$1,4+4,favorite,TEAM_PARTICIPATION,4,161,132,29,81.99,1031,31,166,0.1897,4,3
Fibonacci_$1,4+4,favorite,TEAM_PARTICIPATION,5,60,49,11,81.67,1014,14,63,0.2192,3,2
Fibonacci_$1,5+5,any,GPM,100,456,360,96,78.95,1194,194,495,0.3928,8,5
Fibonacci_$1,5+5,any,GPM,200,249,196,53,78.71,1097,97,272,0.3560,7,5
Fibonacci_$1,5+5,any,GPM,300,123,101,22,82.11,1065,65,129,0.5061,5,3
Fibonacci_$1,5+5,any,GPM,400,52,45,7,86.54,1027,27,52,0.5267,1,1
Fibonacci_$1,5+5,any,GPM,500,16,13,3,81.25,1008,8,16,0.4731,1,1
Fibonacci_$1,5+5,any,XPM,100,353,273,80,77.34,1149,149,384,0.3876,7,5
Fibonacci_$1,5+5,any,XPM,200,183,142,41,77.60,1071,71,199,0.3545,5,3
Fibonacci_$1,5+5,any,XPM,300,71,58,13,81.69,1039,39,73,0.5373,2,2
Fibonacci_$1,5+5,any,XPM,400,27,24,3,88.89,1022,22,27,0.8289,2,1
Fibonacci_$1,5+5,any,XPM,500,6,6,0,100.00,1007,7,6,1.0917,0,1
Fibonacci_$1,5+5,any,HERO_DAMAGE,5000,331,253,78,76.44,1128,128,378,0.3389,12,8
Fibonacci_$1,5+5,any,HERO_DAMAGE,10000,193,149,44,77.20,1085,85,217,0.3908,8,5
Fibonacci_$1,5+5,any,HERO_DAMAGE,15000,95,79,16,83.16,1053,53,108,0.4907,7,5
Fibonacci_$1,5+5,any,HERO_DAMAGE,20000,40,34,6,85.00,1027,27,41,0.6615,2,2
Fibonacci_$1,5+5,any,HERO_DAMAGE,25000,16,14,2,87.50,1014,14,16,0.8819,1,1
Fibonacci_$1,5+5,any,TOWER_DAMAGE,5000,306,248,58,81.05,1129,129,321,0.4025,7,5
Fibonacci_$1,5+5,any,TOWER_DAMAGE,10000,61,54,7,88.52,1029,29,61,0.4777,1,1
Fibonacci_$1,5+5,any,TOWER_DAMAGE,15000,6,5,1,83.33,1002,2,6,0.2767,1,1
Fibonacci_$1,5+5,any,TOWER_DAMAGE,20000,0,0,0,0.00,1000,0,0,0.0000,0,0
Fibonacci_$1,5+5,any,TOWER_DAMAGE,25000,0,0,0,0.00,1000,0,0,0.0000,0,0
Fibonacci_$1,5+5,any,DAMAGE_TAKEN,10000,310,254,56,81.94,1151,151,318,0.4734,3,2
Fibonacci_$1,5+5,any,DAMAGE_TAKEN,20000,171,147,24,85.96,1086,86,173,0.4950,2,2
Fibonacci_$1,5+5,any,DAMAGE_TAKEN,30000,93,81,12,87.10,1047,47,94,0.5049,2,2
Fibonacci_$1,5+5,any,DAMAGE_TAKEN,40000,57,48,9,84.21,1027,27,58,0.4595,2,2
Fibonacci_$1,5+5,any,DAMAGE_TAKEN,50000,35,29,6,82.86,1015,15,36,0.4267,2,2
Fibonacci_$1,5+5,any,TEAM_PARTICIPATION,1,398,305,93,76.63,1191,191,446,0.4271,12,8
Fibonacci_$1,5+5,any,TEAM_PARTICIPATION,2,260,206,54,79.23,1141,141,276,0.5104,5,3
Fibonacci_$1,5+5,any,TEAM_PARTICIPATION,3,147,116,31,78.91,1078,78,149,0.5252,2,2
Fibonacci_$1,5+5,any,TEAM_PARTICIPATION,4,49,39,10,79.59,1023,23,50,0.4642,2,2
Fibonacci_$1,5+5,any,TEAM_PARTICIPATION,5,18,14,4,77.78,1014,14,19,0.7311,2,2
Fibonacci_$1,5+5,underdog,GPM,100,149,101,48,67.79,1131,131,186,0.7051,12,8
Fibonacci_$1,5+5,underdog,GPM,200,83,56,27,67.47,1064,64,94,0.6798,4,3
Fibonacci_$1,5+5,underdog,GPM,300,44,32,12,72.73,1043,43,49,0.8739,4,3
Fibonacci_$1,5+5,underdog,GPM,400,19,15,4,78.95,1017,17,19,0.9100,1,1
Fibonacci_$1,5+5,underdog,GPM,500,7,4,3,57.14,1004,4,7,0.6057,1,1
Fibonacci_$1,5+5,underdog,XPM,100,124,81,43,65.32,1103,103,153,0.6716,12,8
Fibonacci_$1,5+5,underdog,XPM,200,60,39,21,65.00,1046,46,66,0.6944,4,3
Fibonacci_$1,5+5,underdog,XPM,300,27,20,7,74.07,1030,30,29,1.0176,2,2
Fibonacci_$1,5+5,underdog,XPM,400,13,11,2,84.62,1020,20,14,1.4107,2,2
Fibonacci_$1,5+5,underdog,XPM,500,3,3,0,100.00,1005,5,3,1.7133,0,1
Fibonacci_$1,5+5,underdog,HERO_DAMAGE,5000,127,84,43,66.14,1100,100,186,0.5361,19,13
Fibonacci_$1,5+5,underdog,HERO_DAMAGE,10000,75,49,26,65.33,1061,61,91,0.6673,7,5
Fibonacci_$1,5+5,underdog,HERO_DAMAGE,15000,40,30,10,75.00,1040,40,44,0.8984,4,3
Fibonacci_$1,5+5,underdog,HERO_DAMAGE,20000,19,16,3,84.21,1022,22,20,1.1185,2,2
Fibonacci_$1,5+5,underdog,HERO_DAMAGE,25000,8,8,0,100.00,1013,13,8,1.6413,0,1
Fibonacci_$1,5+5,underdog,TOWER_DAMAGE,5000,96,67,29,69.79,1079,79,105,0.7514,4,3
Fibonacci_$1,5+5,underdog,TOWER_DAMAGE,10000,16,14,2,87.50,1018,18,16,1.0937,1,1
Fibonacci_$1,5+5,underdog,TOWER_DAMAGE,15000,1,1,0,100.00,1001,1,1,0.9200,0,1
Fibonacci_$1,5+5,underdog,TOWER_DAMAGE,20000,0,0,0,0.00,1000,0,0,0.0000,0,0
Fibonacci_$1,5+5,underdog,TOWER_DAMAGE,25000,0,0,0,0.00,1000,0,0,0.0000,0,0
Fibonacci_$1,5+5,underdog,DAMAGE_TAKEN,10000,120,88,32,73.33,1108,108,128,0.8472,4,3
Fibonacci_$1,5+5,underdog,DAMAGE_TAKEN,20000,56,47,9,83.93,1058,58,57,1.0175,2,2
Fibonacci_$1,5+5,underdog,DAMAGE_TAKEN,30000,29,26,3,89.66,1033,33,29,1.1324,1,1
Fibonacci_$1,5+5,underdog,DAMAGE_TAKEN,40000,18,16,2,88.89,1020,20,18,1.0872,1,1
Fibonacci_$1,5+5,underdog,DAMAGE_TAKEN,50000,10,9,1,90.00,1012,12,10,1.2180,1,1
Fibonacci_$1,5+5,underdog,TEAM_PARTICIPATION,1,165,113,52,68.48,1140,140,186,0.7503,4,3
Fibonacci_$1,5+5,underdog,TEAM_PARTICIPATION,2,111,83,28,74.77,1104,104,117,0.8846,4,3
Fibonacci_$1,5+5,underdog,TEAM_PARTICIPATION,3,65,50,15,76.92,1061,61,66,0.9282,2,2
Fibonacci_$1,5+5,underdog,TEAM_PARTICIPATION,4,20,15,5,75.00,1018,18,21,0.8724,2,2
Fibonacci_$1,5+5,underdog,TEAM_PARTICIPATION,5,11,9,2,81.82,1012,12,11,1.0845,1,1
Fibonacci_$1,5+5,favorite,GPM,100,301,255,46,84.72,1071,71,311,0.2278,3,2
Fibonacci_$1,5+5,favorite,GPM,200,161,136,25,84.47,1040,40,166,0.2393,3,2
Fibonacci_$1,5+5,favorite,GPM,300,76,67,9,88.16,1023,23,77,0.2929,3,2
Fibonacci_$1,5+5,favorite,GPM,400,33,30,3,90.91,1010,10,33,0.3061,1,1
Fibonacci_$1,5+5,favorite,GPM,500,9,9,0,100.00,1003,3,9,0.3700,0,1
Fibonacci_$1,5+5,favorite,XPM,100,223,188,35,84.30,1054,54,230,0.2334,3,2
Fibonacci_$1,5+5,favorite,XPM,200,120,100,20,83.33,1026,26,122,0.2103,2,2
Fibonacci_$1,5+5,favorite,XPM,300,43,37,6,86.05,1010,10,43,0.2328,1,1
Fibonacci_$1,5+5,favorite,XPM,400,14,13,1,92.86,1004,4,14,0.2707,1,1
Fibonacci_$1,5+5,favorite,XPM,500,3,3,0,100.00,1001,1,3,0.4700,0,1
Fibonacci_$1,5+5,favorite,HERO_DAMAGE,5000,195,165,30,84.62,1048,48,201,0.2398,2,2
Fibonacci_$1,5+5,favorite,HERO_DAMAGE,10000,115,98,17,85.22,1029,29,120,0.2429,4,3
Fibonacci_$1,5+5,favorite,HERO_DAMAGE,15000,55,49,6,89.09,1016,16,57,0.2893,2,2
Fibonacci_$1,5+5,favorite,HERO_DAMAGE,20000,21,18,3,85.71,1006,6,22,0.2636,2,2
Fibonacci_$1,5+5,favorite,HERO_DAMAGE,25000,8,6,2,75.00,1001,1,8,0.1225,2,1
Fibonacci_$1,5+5,favorite,TOWER_DAMAGE,5000,205,178,27,86.83,1052,52,206,0.2536,2,2
Fibonacci_$1,5+5,favorite,TOWER_DAMAGE,10000,44,40,4,90.91,1013,13,44,0.2873,1,1
Fibonacci_$1,5+5,favorite,TOWER_DAMAGE,15000,5,4,1,80.00,1001,1,5,0.1480,1,1
Fibonacci_$1,5+5,favorite,TOWER_DAMAGE,20000,0,0,0,0.00,1000,0,0,0.0000,0,0
Fibonacci_$1,5+5,favorite,TOWER_DAMAGE,25000,0,0,0,0.00,1000,0,0,0.0000,0,0
Fibonacci_$1,5+5,favorite,DAMAGE_TAKEN,10000,186,163,23,87.63,1046,46,190,0.2435,2,2
Fibonacci_$1,5+5,favorite,DAMAGE_TAKEN,20000,111,97,14,87.39,1027,27,112,0.2397,2,2
Fibonacci_$1,5+5,favorite,DAMAGE_TAKEN,30000,63,54,9,85.71,1014,14,64,0.2147,2,2
Fibonacci_$1,5+5,favorite,DAMAGE_TAKEN,40000,38,31,7,81.58,1006,6,39,0.1592,3,2
Fibonacci_$1,5+5,favorite,DAMAGE_TAKEN,50000,25,20,5,80.00,1003,3,26,0.1223,3,2
Fibonacci_$1,5+5,favorite,TEAM_PARTICIPATION,1,221,185,36,83.71,1050,50,238,0.2087,9,5
Fibonacci_$1,5+5,favorite,TEAM_PARTICIPATION,2,141,119,22,84.40,1034,34,144,0.2357,4,2
Fibonacci_$1,5+5,favorite,TEAM_PARTICIPATION,3,76,63,13,82.89,1017,17,77,0.2208,3,2
Fibonacci_$1,5+5,favorite,TEAM_PARTICIPATION,4,27,23,4,85.19,1007,7,28,0.2407,2,2
Fibonacci_$1,5+5,favorite,TEAM_PARTICIPATION,5,6,4,2,66.67,1001,1,7,0.0829,2,2
Fibonacci_$5,none,any,GPM,100,14227,7193,7034,50.56,-10881,-11881,257585,-0.0461,12580,3050
Fibonacci_$5,none,any,GPM,200,7557,3802,3755,50.31,-24753,-25753,266905,-0.0965,38226,10000
Fibonacci_$5,none,any,GPM,300,3525,1791,1734,50.81,-2765,-3765,64875,-0.0580,6501,1885
Fibonacci_$5,none,any,GPM,400,1463,759,704,51.88,-357,-1357,21340,-0.0636,1964,720
Fibonacci_$5,none,any,GPM,500,523,279,244,53.35,932,-68,7905,-0.0086,1046,445
Fibonacci_$5,none,any,XPM,100,13986,6971,7015,49.84,-13022,-14022,425050,-0.0330,19544,7985
Fibonacci_$5,none,any,XPM,200,7296,3619,3677,49.60,-23677,-24677,296630,-0.0832,51383,10000
Fibonacci_$5,none,any,XPM,300,3184,1544,1640,48.49,-11171,-12171,130270,-0.0934,15472,4935
Fibonacci_$5,none,any,XPM,400,1247,630,617,50.52,-900,-1900,25960,-0.0732,2007,720
Fibonacci_$5,none,any,XPM,500,438,232,206,52.97,887,-113,6395,-0.0177,612,275
Fibonacci_$5,none,any,HERO_DAMAGE,5000,15738,7592,8146,48.24,-86288,-87288,726620,-0.1201,91033,10000
Fibonacci_$5,none,any,HERO_DAMAGE,10000,9890,4653,5237,47.05,-95310,-96310,723465,-0.1331,104720,10000
Fibonacci_$5,none,any,HERO_DAMAGE,15000,5546,2568,2978,46.30,-176400,-177400,823580,-0.2154,187087,10000
Fibonacci_$5,none,any,HERO_DAMAGE,20000,2747,1276,1471,46.45,-68906,-69906,367470,-0.1902,84786,10000
Fibonacci_$5,none,any,HERO_DAMAGE,25000,1233,566,667,45.90,-5129,-6129,90365,-0.0678,14252,4935
Fibonacci_$5,none,any,TOWER_DAMAGE,5000,8745,4531,4214,51.81,-526,-1526,114455,-0.0133,3683,720
Fibonacci_$5,none,any,TOWER_DAMAGE,10000,1999,1016,983,50.83,-63,-1063,20655,-0.0515,1466,445
Fibonacci_$5,none,any,TOWER_DAMAGE,15000,269,139,130,51.67,896,-104,2565,-0.0406,299,105
Fibonacci_$5,none,any,TOWER_DAMAGE,20000,15,7,8,46.67,998,-2,130,-0.0185,41,25
Fibonacci_$5,none,any,TOWER_DAMAGE,25000,1,0,1,0.00,995,-5,5,-1.0000,5,5
Fibonacci_$5,none,any,DAMAGE_TAKEN,10000,15328,7581,7747,49.46,-34980,-35980,389955,-0.0923,44874,10000
Fibonacci_$5,none,any,DAMAGE_TAKEN,20000,9276,4578,4698,49.35,-17610,-18610,207150,-0.0898,23061,7985
Fibonacci_$5,none,any,DAMAGE_TAKEN,30000,5305,2650,2655,49.95,-9608,-10608,133125,-0.0797,12731,4935
Fibonacci_$5,none,any,DAMAGE_TAKEN,40000,2949,1491,1458,50.56,-10981,-11981,124945,-0.0959,35198,10000
Fibonacci_$5,none,any,DAMAGE_TAKEN,50000,1735,888,847,51.18,-1145,-2145,43580,-0.0492,3445,1885
Fibonacci_$5,none,any,TEAM_PARTICIPATION,1,15277,7543,7734,49.37,-9248,-10248,411945,-0.0249,29822,7985
Fibonacci_$5,none,any,TEAM_PARTICIPATION,2,8973,4426,4547,49.33,-33062,-34062,317585,-0.1073,48565,10000
Fibonacci_$5,none,any,TEAM_PARTICIPATION,3,4577,2244,2333,49.03,-5849,-6849,152735,-0.0448,16575,7985
Fibonacci_$5,none,any,TEAM_PARTICIPATION,4,2017,969,1048,48.04,-7093,-8093,117755,-0.0687,32391,10000
Fibonacci_$5,none,any,TEAM_PARTICIPATION,5,760,377,383,49.61,-201,-1201,18600,-0.0645,2828,1165
Fibonacci_$5,none,underdog,GPM,100,6601,2385,4216,36.13,-2580252,-2581252,24929850,-0.1035,2656791,10000
Fibonacci_$5,none,underdog,GPM,200,3503,1252,2251,35.74,-1571926,-1572926,14075505,-0.1117,1724618,10000
Fibonacci_$5,none,underdog,GPM,300,1625,599,1026,36.86,-330287,-331287,4250970,-0.0779,495805,10000
Fibonacci_$5,none,underdog,GPM,400,661,247,414,37.37,-14119,-15119,547260,-0.0276,112795,10000
Fibonacci_$5,none,underdog,GPM,500,222,79,143,35.59,7734,6734,38645,0.1742,5135,3050
Fibonacci_$5,none,underdog,XPM,100,6651,2368,4283,35.60,-4271041,-4272041,32889245,-0.1299,4329364,10000
Fibonacci_$5,none,underdog,XPM,200,3435,1225,2210,35.66,-1644010,-1645010,14176855,-0.1160,1720905,10000
Fibonacci_$5,none,underdog,XPM,300,1494,516,978,34.54,-1154322,-1155322,7194525,-0.1606,1193692,10000
Fibonacci_$5,none,underdog,XPM,400,564,206,358,36.52,-148483,-149483,1581975,-0.0945,190577,10000
Fibonacci_$5,none,underdog,XPM,500,190,76,114,40.00,3672,2672,10110,0.2643,1820,1165
Fibonacci_$5,none,underdog,HERO_DAMAGE,5000,7767,2712,5055,34.92,-6831718,-6832718,47561715,-0.1437,6864271,10000
Fibonacci_$5,none,underdog,HERO_DAMAGE,10000,4941,1664,3277,33.68,-5846504,-5847504,33374345,-0.1752,5869915,10000
Fibonacci_$5,none,underdog,HERO_DAMAGE,15000,2795,925,1870,33.09,-3608774,-3609774,18384575,-0.1963,3651356,10000
Fibonacci_$5,none,underdog,HERO_DAMAGE,20000,1414,483,931,34.16,-1477134,-1478134,9102445,-0.1624,1618511,10000
Fibonacci_$5,none,underdog,HERO_DAMAGE,25000,622,205,417,32.96,-811631,-812631,3371235,-0.2410,850344,10000
Fibonacci_$5,none,underdog,TOWER_DAMAGE,5000,3898,1427,2471,36.61,-481820,-482820,8112745,-0.0595,699677,10000
Fibonacci_$5,none,underdog,TOWER_DAMAGE,10000,880,310,570,35.23,-532054,-533054,4093410,-0.1302,705871,10000
Fibonacci_$5,none,underdog,TOWER_DAMAGE,15000,125,44,81,35.20,15187,14187,93340,0.1520,24600,10000
Fibonacci_$5,none,underdog,TOWER_DAMAGE,20000,8,2,6,25.00,1008,8,140,0.0539,60,40
Fibonacci_$5,none,underdog,TOWER_DAMAGE,25000,1,0,1,0.00,995,-5,5,-1.0000,5,5
Fibonacci_$5,none,underdog,DAMAGE_TAKEN,10000,7333,2586,4747,35.27,-3651399,-3652399,31185940,-0.1171,3780538,10000
Fibonacci_$5,none,underdog,DAMAGE_TAKEN,20000,4389,1535,2854,34.97,-2593363,-2594363,20486020,-0.1266,2681977,10000
Fibonacci_$5,none,underdog,DAMAGE_TAKEN,30000,2446,871,1575,35.61,-1330892,-1331892,10115415,-0.1317,1544884,10000
Fibonacci_$5,none,underdog,DAMAGE_TAKEN,40000,1336,480,856,35.93,-246720,-247720,3073035,-0.0806,357739,10000
Fibonacci_$5,none,underdog,DAMAGE_TAKEN,50000,782,278,504,35.55,-665172,-666172,3782225,-0.1761,740645,10000
Fibonacci_$5,none,underdog,TEAM_PARTICIPATION,1,7788,2836,4952,36.41,-2092236,-2093236,25085875,-0.0834,2170731,10000
Fibonacci_$5,none,underdog,TEAM_PARTICIPATION,2,4677,1715,2962,36.67,-1052060,-1053060,13403310,-0.0786,1199849,10000
Fibonacci_$5,none,underdog,TEAM_PARTICIPATION,3,2421,889,1532,36.72,-811962,-812962,7835715,-0.1038,877866,10000
Fibonacci_$5,none,underdog,TEAM_PARTICIPATION,4,1095,393,702,35.89,-64144,-65144,1496250,-0.0435,168674,10000
Fibonacci_$5,none,underdog,TEAM_PARTICIPATION,5,412,155,257,37.62,-9838,-10838,523590,-0.0207,82802,10000
Fibonacci_$5,none,favorite,GPM,100,7137,4561,2576,63.91,-1237,-2237,47975,-0.0466,2258,105
Fibonacci_$5,none,favorite,GPM,200,3791,2425,1366,63.97,-884,-1884,28655,-0.0657,1909,445
Fibonacci_$5,none,favorite,GPM,300,1765,1129,636,63.97,482,-518,11240,-0.0461,602,65
Fibonacci_$5,none,favorite,GPM,400,747,484,263,64.79,561,-439,5340,-0.0822,559,105
Fibonacci_$5,none,favorite,GPM,500,284,193,91,67.96,901,-99,2020,-0.0489,192,65
Fibonacci_$5,none,favorite,XPM,100,6825,4341,2484,63.60,-1402,-2402,47085,-0.0510,2490,170
Fibonacci_$5,none,favorite,XPM,200,3593,2254,1339,62.73,-810,-1810,25655,-0.0705,1864,170
Fibonacci_$5,none,favorite,XPM,300,1571,965,606,61.43,6,-994,11545,-0.0861,1032,105
Fibonacci_$5,none,favorite,XPM,400,638,399,239,62.54,334,-666,5340,-0.1248,772,170
Fibonacci_$5,none,favorite,XPM,500,231,148,83,64.07,908,-92,1600,-0.0573,144,40
Fibonacci_$5,none,favorite,HERO_DAMAGE,5000,7381,4595,2786,62.25,-3996,-4996,57610,-0.0867,5097,445
Fibonacci_$5,none,favorite,HERO_DAMAGE,10000,4552,2803,1749,61.58,-1598,-2598,32955,-0.0788,2617,170
Fibonacci_$5,none,favorite,HERO_DAMAGE,15000,2530,1538,992,60.79,-399,-1399,17670,-0.0792,1407,105
Fibonacci_$5,none,favorite,HERO_DAMAGE,20000,1227,742,485,60.47,296,-704,8330,-0.0845,721,65
Fibonacci_$5,none,favorite,HERO_DAMAGE,25000,572,344,228,60.14,572,-428,4225,-0.1012,442,65
Fibonacci_$5,none,favorite,TOWER_DAMAGE,5000,4509,2939,1570,65.18,-17,-1017,30220,-0.0337,1109,170
Fibonacci_$5,none,favorite,TOWER_DAMAGE,10000,1038,667,371,64.26,707,-293,6565,-0.0447,346,65
Fibonacci_$5,none,favorite,TOWER_DAMAGE,15000,132,88,44,66.67,998,-2,730,-0.0033,46,15
Fibonacci_$5,none,favorite,TOWER_DAMAGE,20000,7,5,2,71.43,1002,2,35,0.0529,5,5
Fibonacci_$5,none,favorite,TOWER_DAMAGE,25000,0,0,0,0.00,1000,0,0,0.0000,0,0
Fibonacci_$5,none,favorite,DAMAGE_TAKEN,10000,7438,4693,2745,63.09,-2348,-3348,53960,-0.0621,3408,720
Fibonacci_$5,none,favorite,DAMAGE_TAKEN,20000,4526,2845,1681,62.86,-3319,-4319,39785,-0.1086,4391,1165
Fibonacci_$5,none,favorite,DAMAGE_TAKEN,30000,2650,1664,986,62.79,-1194,-2194,22355,-0.0981,2298,445
Fibonacci_$5,none,favorite,DAMAGE_TAKEN,40000,1493,948,545,63.50,217,-783,11120,-0.0704,809,105
Fibonacci_$5,none,favorite,DAMAGE_TAKEN,50000,887,576,311,64.94,699,-301,6140,-0.0490,338,105
Fibonacci_$5,none,favorite,TEAM_PARTICIPATION,1,6930,4442,2488,64.10,-1632,-2632,48710,-0.0540,2663,445
Fibonacci_$5,none,favorite,TEAM_PARTICIPATION,2,3970,2559,1411,64.46,-962,-1962,29140,-0.0673,1976,445
Fibonacci_$5,none,favorite,TEAM_PARTICIPATION,3,1999,1285,714,64.28,374,-626,13485,-0.0464,728,170
Fibonacci_$5,none,favorite,TEAM_PARTICIPATION,4,844,544,300,64.45,610,-390,5920,-0.0658,421,170
Fibonacci_$5,none,favorite,TEAM_PARTICIPATION,5,316,208,108,65.82,829,-171,2250,-0.0760,204,105
Fibonacci_$5,4+4,any,GPM,100,2467,1705,762,69.11,8524,7524,36480,0.2062,4939,3050
Fibonacci_$5,4+4,any,GPM,200,1376,943,433,68.53,-6568,-7568,49390,-0.1532,20900,10000
Fibonacci_$5,4+4,any,GPM,300,644,439,205,68.17,1688,688,4210,0.1635,148,65
Fibonacci_$5,4+4,any,GPM,400,294,209,85,71.09,1384,384,1605,0.2392,41,15
Fibonacci_$5,4+4,any,GPM,500,115,79,36,68.70,1107,107,715,0.1502,62,40
Fibonacci_$5,4+4,any,XPM,100,2123,1491,632,70.23,7654,6654,70835,0.0939,12929,7985
Fibonacci_$5,4+4,any,XPM,200,1089,756,333,69.42,507,-493,16175,-0.0305,4930,3050
Fibonacci_$5,4+4,any,XPM,300,456,311,145,68.20,1536,536,2870,0.1867,165,105
Fibonacci_$5,4+4,any,XPM,400,187,129,58,68.98,1274,274,1025,0.2675,33,15
Fibonacci_$5,4+4,any,XPM,500,71,45,26,63.38,1037,37,440,0.0830,36,25
Fibonacci_$5,4+4,any,HERO_DAMAGE,5000,2005,1391,614,69.38,-50,-1050,39765,-0.0264,12929,7985
Fibonacci_$5,4+4,any,HERO_DAMAGE,10000,1233,843,390,68.37,1809,809,13735,0.0589,3058,1885
Fibonacci_$5,4+4,any,HERO_DAMAGE,15000,667,443,224,66.42,1492,492,6460,0.0761,1160,720
Fibonacci_$5,4+4,any,HERO_DAMAGE,20000,309,211,98,68.28,1578,578,2065,0.2797,165,105
Fibonacci_$5,4+4,any,HERO_DAMAGE,25000,128,88,40,68.75,1245,245,835,0.2931,60,40
Fibonacci_$5,4+4,any,TOWER_DAMAGE,5000,1711,1218,493,71.19,3551,2551,9540,0.2674,57,25
Fibonacci_$5,4+4,any,TOWER_DAMAGE,10000,414,293,121,70.77,1548,548,2360,0.2323,40,25
Fibonacci_$5,4+4,any,TOWER_DAMAGE,15000,47,35,12,74.47,1052,52,240,0.2177,13,10
Fibonacci_$5,4+4,any,TOWER_DAMAGE,20000,2,0,2,0.00,990,-10,10,-1.0000,10,5
Fibonacci_$5,4+4,any,TOWER_DAMAGE,25000,0,0,0,0.00,1000,0,0,0.0000,0,0
Fibonacci_$5,4+4,any,DAMAGE_TAKEN,10000,2076,1473,603,70.95,4429,3429,13395,0.2560,454,275
Fibonacci_$5,4+4,any,DAMAGE_TAKEN,20000,1231,872,359,70.84,2877,1877,7940,0.2364,320,170
Fibonacci_$5,4+4,any,DAMAGE_TAKEN,30000,726,519,207,71.49,1679,679,6685,0.1015,1028,445
Fibonacci_$5,4+4,any,DAMAGE_TAKEN,40000,428,304,124,71.03,1598,598,2925,0.2044,204,105
Fibonacci_$5,4+4,any,DAMAGE_TAKEN,50000,247,178,69,72.06,1386,386,1490,0.2590,60,40
Fibonacci_$5,4+4,any,TEAM_PARTICIPATION,1,2455,1704,751,69.41,5396,4396,15970,0.2752,448,275
Fibonacci_$5,4+4,any,TEAM_PARTICIPATION,2,1475,1014,461,68.75,3268,2268,8775,0.2585,175,105
Fibonacci_$5,4+4,any,TEAM_PARTICIPATION,3,757,518,239,68.43,2135,1135,4610,0.2462,101,65
Fibonacci_$5,4+4,any,TEAM_PARTICIPATION,4,323,222,101,68.73,1568,568,2155,0.2633,102,65
Fibonacci_$5,4+4,any,TEAM_PARTICIPATION,5,125,89,36,71.20,1246,246,750,0.3277,35,25
Fibonacci_$5,4+4,underdog,GPM,100,951,525,426,55.21,4528,3528,10045,0.3512,440,275
Fibonacci_$5,4+4,underdog,GPM,200,526,283,243,53.80,3760,2760,9480,0.2912,1060,720
Fibonacci_$5,4+4,underdog,GPM,300,245,131,114,53.47,1982,982,2785,0.3526,235,170
Fibonacci_$5,4+4,underdog,GPM,400,104,58,46,55.77,1494,494,1565,0.3158,270,170
Fibonacci_$5,4+4,underdog,GPM,500,40,19,21,47.50,1136,136,450,0.3012,60,40
Fibonacci_$5,4+4,underdog,XPM,100,845,483,362,57.16,4367,3367,8715,0.3864,715,445
Fibonacci_$5,4+4,underdog,XPM,200,424,233,191,54.95,2375,1375,3385,0.4061,165,105
Fibonacci_$5,4+4,underdog,XPM,300,185,104,81,56.22,1670,670,1420,0.4717,60,40
Fibonacci_$5,4+4,underdog,XPM,400,78,45,33,57.69,1310,310,625,0.4960,60,40
Fibonacci_$5,4+4,underdog,XPM,500,25,13,12,52.00,1021,21,195,0.1079,36,25
Fibonacci_$5,4+4,underdog,HERO_DAMAGE,5000,818,465,353,56.85,4177,3177,8260,0.3846,1160,720
Fibonacci_$5,4+4,underdog,HERO_DAMAGE,10000,516,288,228,55.81,2835,1835,6540,0.2806,1160,720
Fibonacci_$5,4+4,underdog,HERO_DAMAGE,15000,277,150,127,54.15,2368,1368,7400,0.1849,1846,1165
Fibonacci_$5,4+4,underdog,HERO_DAMAGE,20000,134,81,53,60.45,1491,491,1280,0.3834,155,105
Fibonacci_$5,4+4,underdog,HERO_DAMAGE,25000,56,40,16,71.43,1224,224,360,0.6232,35,25
Fibonacci_$5,4+4,underdog,TOWER_DAMAGE,5000,631,370,261,58.64,3159,2159,4595,0.4698,100,65
Fibonacci_$5,4+4,underdog,TOWER_DAMAGE,10000,150,87,63,58.00,1530,530,1150,0.4605,60,40
Fibonacci_$5,4+4,underdog,TOWER_DAMAGE,15000,13,6,7,46.15,1047,47,90,0.5178,20,15
Fibonacci_$5,4+4,underdog,TOWER_DAMAGE,20000,1,0,1,0.00,995,-5,5,-1.0000,5,5
Fibonacci_$5,4+4,underdog,TOWER_DAMAGE,25000,0,0,0,0.00,1000,0,0,0.0000,0,0
Fibonacci_$5,4+4,underdog,DAMAGE_TAKEN,10000,814,483,331,59.34,4181,3181,6945,0.4580,270,170
Fibonacci_$5,4+4,underdog,DAMAGE_TAKEN,20000,465,275,190,59.14,2710,1710,4295,0.3982,270,170
Fibonacci_$5,4+4,underdog,DAMAGE_TAKEN,30000,266,156,110,58.65,1981,981,3015,0.3254,270,170
Fibonacci_$5,4+4,underdog,DAMAGE_TAKEN,40000,155,90,65,58.06,1529,529,1340,0.3947,153,105
Fibonacci_$5,4+4,underdog,DAMAGE_TAKEN,50000,84,46,38,54.76,1303,303,940,0.3222,165,105
Fibonacci_$5,4+4,underdog,TEAM_PARTICIPATION,1,1084,629,455,58.03,5175,4175,8590,0.4860,100,65
Fibonacci_$5,4+4,underdog,TEAM_PARTICIPATION,2,651,372,279,57.14,3212,2212,4715,0.4691,100,65
Fibonacci_$5,4+4,underdog,TEAM_PARTICIPATION,3,328,191,137,58.23,2159,1159,2665,0.4349,165,105
Fibonacci_$5,4+4,underdog,TEAM_PARTICIPATION,4,148,87,61,58.78,1486,486,955,0.5093,36,25
Fibonacci_$5,4+4,underdog,TEAM_PARTICIPATION,5,60,37,23,61.67,1154,154,325,0.4728,20,15
Fibonacci_$5,4+4,favorite,GPM,100,1435,1130,305,78.75,2131,1131,8030,0.1408,168,105
Fibonacci_$5,4+4,favorite,GPM,200,802,630,172,78.55,1403,403,5050,0.0798,270,170
Fibonacci_$5,4+4,favorite,GPM,300,370,292,78,78.92,1265,265,2035,0.1301,47,25
Fibonacci_$5,4+4,favorite,GPM,400,173,141,32,81.50,1146,146,895,0.1630,22,15
Fibonacci_$5,4+4,favorite,GPM,500,68,56,12,82.35,1061,61,345,0.1777,10,10
Fibonacci_$5,4+4,favorite,XPM,100,1205,963,242,79.92,2052,1052,6635,0.1585,106,65
Fibonacci_$5,4+4,favorite,XPM,200,622,497,125,79.90,1461,461,3580,0.1287,100,65
Fibonacci_$5,4+4,favorite,XPM,300,252,197,55,78.17,1178,178,1415,0.1260,39,25
Fibonacci_$5,4+4,favorite,XPM,400,98,79,19,80.61,1084,84,500,0.1670,13,10
Fibonacci_$5,4+4,favorite,XPM,500,40,29,11,72.50,1014,14,225,0.0613,20,15
Fibonacci_$5,4+4,favorite,HERO_DAMAGE,5000,1110,884,226,79.64,1962,962,5995,0.1605,69,40
Fibonacci_$5,4+4,favorite,HERO_DAMAGE,10000,667,529,138,79.31,1540,540,3580,0.1507,60,25
Fibonacci_$5,4+4,favorite,HERO_DAMAGE,15000,359,277,82,77.16,1241,241,1890,0.1276,25,15
Fibonacci_$5,4+4,favorite,HERO_DAMAGE,20000,160,122,38,76.25,1098,98,940,0.1043,60,40
Fibonacci_$5,4+4,favorite,HERO_DAMAGE,25000,68,47,21,69.12,984,-16,445,-0.0370,70,40
Fibonacci_$5,4+4,favorite,TOWER_DAMAGE,5000,1017,809,208,79.55,1850,850,5400,0.1573,67,40
Fibonacci_$5,4+4,favorite,TOWER_DAMAGE,10000,241,193,48,80.08,1168,168,1320,0.1276,60,40
Fibonacci_$5,4+4,favorite,TOWER_DAMAGE,15000,31,27,4,87.10,1033,33,155,0.2100,8,5
Fibonacci_$5,4+4,favorite,TOWER_DAMAGE,20000,1,0,1,0.00,995,-5,5,-1.0000,5,5
Fibonacci_$5,4+4,favorite,TOWER_DAMAGE,25000,0,0,0,0.00,1000,0,0,0.0000,0,0
Fibonacci_$5,4+4,favorite,DAMAGE_TAKEN,10000,1194,949,245,79.48,2032,1032,6440,0.1602,98,25
Fibonacci_$5,4+4,favorite,DAMAGE_TAKEN,20000,719,570,149,79.28,1544,544,3935,0.1383,107,40
Fibonacci_$5,4+4,favorite,DAMAGE_TAKEN,30000,436,348,88,79.82,1330,330,2450,0.1346,101,65
Fibonacci_$5,4+4,favorite,DAMAGE_TAKEN,40000,255,203,52,79.61,1188,188,1400,0.1346,47,25
Fibonacci_$5,4+4,favorite,DAMAGE_TAKEN,50000,155,128,27,82.58,1168,168,800,0.2099,25,15
Fibonacci_$5,4+4,favorite,TEAM_PARTICIPATION,1,1275,1021,254,80.08,2176,1176,6645,0.1769,42,15
Fibonacci_$5,4+4,favorite,TEAM_PARTICIPATION,2,766,611,155,79.77,1680,680,4100,0.1658,60,40
Fibonacci_$5,4+4,favorite,TEAM_PARTICIPATION,3,400,313,87,78.25,1296,296,2115,0.1397,35,25
Fibonacci_$5,4+4,favorite,TEAM_PARTICIPATION,4,161,132,29,81.99,1157,157,830,0.1897,20,15
Fibonacci_$5,4+4,favorite,TEAM_PARTICIPATION,5,60,49,11,81.67,1069,69,315,0.2192,13,10
Fibonacci_$5,5+5,any,GPM,100,456,360,96,78.95,1972,972,2475,0.3928,38,25
Fibonacci_$5,5+5,any,GPM,200,249,196,53,78.71,1484,484,1360,0.3560,35,25
Fibonacci_$5,5+5,any,GPM,300,123,101,22,82.11,1326,326,645,0.5061,23,15
Fibonacci_$5,5+5,any,GPM,400,52,45,7,86.54,1137,137,260,0.5267,7,5
Fibonacci_$5,5+5,any,GPM,500,16,13,3,81.25,1038,38,80,0.4731,5,5
Fibonacci_$5,5+5,any,XPM,100,353,273,80,77.34,1744,744,1920,0.3876,35,25
Fibonacci_$5,5+5,any,XPM,200,183,142,41,77.60,1353,353,995,0.3545,25,15
Fibonacci_$5,5+5,any,XPM,300,71,58,13,81.69,1196,196,365,0.5373,10,10
Fibonacci_$5,5+5,any,XPM,400,27,24,3,88.89,1112,112,135,0.8289,8,5
Fibonacci_$5,5+5,any,XPM,500,6,6,0,100.00,1033,33,30,1.0917,0,5
Fibonacci_$5,5+5,any,HERO_DAMAGE,5000,331,253,78,76.44,1641,641,1890,0.3389,60,40
Fibonacci_$5,5+5,any,HERO_DAMAGE,10000,193,149,44,77.20,1424,424,1085,0.3908,41,25
Fibonacci_$5,5+5,any,HERO_DAMAGE,15000,95,79,16,83.16,1265,265,540,0.4907,35,25
Fibonacci_$5,5+5,any,HERO_DAMAGE,20000,40,34,6,85.00,1136,136,205,0.6615,10,10
Fibonacci_$5,5+5,any,HERO_DAMAGE,25000,16,14,2,87.50,1071,71,80,0.8819,5,5
Fibonacci_$5,5+5,any,TOWER_DAMAGE,5000,306,248,58,81.05,1646,646,1605,0.4025,35,25
Fibonacci_$5,5+5,any,TOWER_DAMAGE,10000,61,54,7,88.52,1146,146,305,0.4777,5,5
Fibonacci_$5,5+5,any,TOWER_DAMAGE,15000,6,5,1,83.33,1008,8,30,0.2767,5,5
Fibonacci_$5,5+5,any,TOWER_DAMAGE,20000,0,0,0,0.00,1000,0,0,0.0000,0,0
Fibonacci_$5,5+5,any,TOWER_DAMAGE,25000,0,0,0,0.00,1000,0,0,0.0000,0,0
Fibonacci_$5,5+5,any,DAMAGE_TAKEN,10000,310,254,56,81.94,1753,753,1590,0.4734,14,10
Fibonacci_$5,5+5,any,DAMAGE_TAKEN,20000,171,147,24,85.96,1428,428,865,0.4950,10,10
Fibonacci_$5,5+5,any,DAMAGE_TAKEN,30000,93,81,12,87.10,1237,237,470,0.5049,10,10
Fibonacci_$5,5+5,any,DAMAGE_TAKEN,40000,57,48,9,84.21,1133,133,290,0.4595,10,10
Fibonacci_$5,5+5,any,DAMAGE_TAKEN,50000,35,29,6,82.86,1077,77,180,0.4267,10,10
Fibonacci_$5,5+5,any,TEAM_PARTICIPATION,1,398,305,93,76.63,1953,953,2230,0.4271,60,40
Fibonacci_$5,5+5,any,TEAM_PARTICIPATION,2,260,206,54,79.23,1704,704,1380,0.5104,23,15
Fibonacci_$5,5+5,any,TEAM_PARTICIPATION,3,147,116,31,78.91,1391,391,745,0.5252,12,10
Fibonacci_$5,5+5,any,TEAM_PARTICIPATION,4,49,39,10,79.59,1116,116,250,0.4642,10,10
Fibonacci_$5,5+5,any,TEAM_PARTICIPATION,5,18,14,4,77.78,1069,69,95,0.7311,10,10
Fibonacci_$5,5+5,underdog,GPM,100,149,101,48,67.79,1656,656,930,0.7051,60,40
Fibonacci_$5,5+5,underdog,GPM,200,83,56,27,67.47,1320,320,470,0.6798,20,15
Fibonacci_$5,5+5,underdog,GPM,300,44,32,12,72.73,1214,214,245,0.8739,20,15
Fibonacci_$5,5+5,underdog,GPM,400,19,15,4,78.95,1086,86,95,0.9100,5,5
Fibonacci_$5,5+5,underdog,GPM,500,7,4,3,57.14,1021,21,35,0.6057,5,5
Fibonacci_$5,5+5,underdog,XPM,100,124,81,43,65.32,1514,514,765,0.6716,60,40
Fibonacci_$5,5+5,underdog,XPM,200,60,39,21,65.00,1229,229,330,0.6944,20,15
Fibonacci_$5,5+5,underdog,XPM,300,27,20,7,74.07,1148,148,145,1.0176,10,10
Fibonacci_$5,5+5,underdog,XPM,400,13,11,2,84.62,1099,99,70,1.4107,10,10
Fibonacci_$5,5+5,underdog,XPM,500,3,3,0,100.00,1026,26,15,1.7133,0,5
Fibonacci_$5,5+5,underdog,HERO_DAMAGE,5000,127,84,43,66.14,1499,499,930,0.5361,95,65
Fibonacci_$5,5+5,underdog,HERO_DAMAGE,10000,75,49,26,65.33,1304,304,455,0.6673,35,25
Fibonacci_$5,5+5,underdog,HERO_DAMAGE,15000,40,30,10,75.00,1198,198,220,0.8984,20,15
Fibonacci_$5,5+5,underdog,HERO_DAMAGE,20000,19,16,3,84.21,1112,112,100,1.1185,10,10
Fibonacci_$5,5+5,underdog,HERO_DAMAGE,25000,8,8,0,100.00,1066,66,40,1.6413,0,5
Fibonacci_$5,5+5,underdog,TOWER_DAMAGE,5000,96,67,29,69.79,1395,395,525,0.7514,20,15
Fibonacci_$5,5+5,underdog,TOWER_DAMAGE,10000,16,14,2,87.50,1088,88,80,1.0938,5,5
Fibonacci_$5,5+5,underdog,TOWER_DAMAGE,15000,1,1,0,100.00,1005,5,5,0.9200,0,5
Fibonacci_$5,5+5,underdog,TOWER_DAMAGE,20000,0,0,0,0.00,1000,0,0,0.0000,0,0
Fibonacci_$5,5+5,underdog,TOWER_DAMAGE,25000,0,0,0,0.00,1000,0,0,0.0000,0,0
Fibonacci_$5,5+5,underdog,DAMAGE_TAKEN,10000,120,88,32,73.33,1542,542,640,0.8472,20,15
Fibonacci_$5,5+5,underdog,DAMAGE_TAKEN,20000,56,47,9,83.93,1290,290,285,1.0175,10,10
Fibonacci_$5,5+5,underdog,DAMAGE_TAKEN,30000,29,26,3,89.66,1164,164,145,1.1324,5,5
Fibonacci_$5,5+5,underdog,DAMAGE_TAKEN,40000,18,16,2,88.89,1098,98,90,1.0872,5,5
Fibonacci_$5,5+5,underdog,DAMAGE_TAKEN,50000,10,9,1,90.00,1061,61,50,1.2180,5,5
Fibonacci_$5,5+5,underdog,TEAM_PARTICIPATION,1,165,113,52,68.48,1698,698,930,0.7503,20,15
Fibonacci_$5,5+5,underdog,TEAM_PARTICIPATION,2,111,83,28,74.77,1518,518,585,0.8846,20,15
Fibonacci_$5,5+5,underdog,TEAM_PARTICIPATION,3,65,50,15,76.92,1306,306,330,0.9282,10,10
Fibonacci_$5,5+5,underdog,TEAM_PARTICIPATION,4,20,15,5,75.00,1092,92,105,0.8724,10,10
Fibonacci_$5,5+5,underdog,TEAM_PARTICIPATION,5,11,9,2,81.82,1060,60,55,1.0845,5,5
Fibonacci_$5,5+5,favorite,GPM,100,301,255,46,84.72,1354,354,1555,0.2278,17,10
Fibonacci_$5,5+5,favorite,GPM,200,161,136,25,84.47,1199,199,830,0.2393,13,10
Fibonacci_$5,5+5,favorite,GPM,300,76,67,9,88.16,1113,113,385,0.2929,13,10
Fibonacci_$5,5+5,favorite,GPM,400,33,30,3,90.91,1051,51,165,0.3061,5,5
Fibonacci_$5,5+5,favorite,GPM,500,9,9,0,100.00,1017,17,45,0.3700,0,5
Fibonacci_$5,5+5,favorite,XPM,100,223,188,35,84.30,1268,268,1150,0.2334,13,10
Fibonacci_$5,5+5,favorite,XPM,200,120,100,20,83.33,1128,128,610,0.2103,11,10
Fibonacci_$5,5+5,favorite,XPM,300,43,37,6,86.05,1050,50,215,0.2328,7,5
Fibonacci_$5,5+5,favorite,XPM,400,14,13,1,92.86,1019,19,70,0.2707,5,5
Fibonacci_$5,5+5,favorite,XPM,500,3,3,0,100.00,1007,7,15,0.4700,0,5
Fibonacci_$5,5+5,favorite,HERO_DAMAGE,5000,195,165,30,84.62,1241,241,1005,0.2398,12,10
Fibonacci_$5,5+5,favorite,HERO_DAMAGE,10000,115,98,17,85.22,1146,146,600,0.2429,22,15
Fibonacci_$5,5+5,favorite,HERO_DAMAGE,15000,55,49,6,89.09,1082,82,285,0.2893,10,10
Fibonacci_$5,5+5,favorite,HERO_DAMAGE,20000,21,18,3,85.71,1029,29,110,0.2636,10,10
Fibonacci_$5,5+5,favorite,HERO_DAMAGE,25000,8,6,2,75.00,1005,5,40,0.1225,9,5
Fibonacci_$5,5+5,favorite,TOWER_DAMAGE,5000,205,178,27,86.83,1261,261,1030,0.2536,10,10
Fibonacci_$5,5+5,favorite,TOWER_DAMAGE,10000,44,40,4,90.91,1063,63,220,0.2873,5,5
Fibonacci_$5,5+5,favorite,TOWER_DAMAGE,15000,5,4,1,80.00,1004,4,25,0.1480,5,5
Fibonacci_$5,5+5,favorite,TOWER_DAMAGE,20000,0,0,0,0.00,1000,0,0,0.0000,0,0
Fibonacci_$5,5+5,favorite,TOWER_DAMAGE,25000,0,0,0,0.00,1000,0,0,0.0000,0,0
Fibonacci_$5,5+5,favorite,DAMAGE_TAKEN,10000,186,163,23,87.63,1231,231,950,0.2435,10,10
Fibonacci_$5,5+5,favorite,DAMAGE_TAKEN,20000,111,97,14,87.39,1134,134,560,0.2397,10,10
Fibonacci_$5,5+5,favorite,DAMAGE_TAKEN,30000,63,54,9,85.71,1069,69,320,0.2147,10,10
Fibonacci_$5,5+5,favorite,DAMAGE_TAKEN,40000,38,31,7,81.58,1031,31,195,0.1592,17,10
Fibonacci_$5,5+5,favorite,DAMAGE_TAKEN,50000,25,20,5,80.00,1016,16,130,0.1223,17,10
Fibonacci_$5,5+5,favorite,TEAM_PARTICIPATION,1,221,185,36,83.71,1248,248,1190,0.2087,44,25
Fibonacci_$5,5+5,favorite,TEAM_PARTICIPATION,2,141,119,22,84.40,1170,170,720,0.2357,19,10
Fibonacci_$5,5+5,favorite,TEAM_PARTICIPATION,3,76,63,13,82.89,1085,85,385,0.2208,13,10
Fibonacci_$5,5+5,favorite,TEAM_PARTICIPATION,4,27,23,4,85.19,1034,34,140,0.2407,10,10
Fibonacci_$5,5+5,favorite,TEAM_PARTICIPATION,5,6,4,2,66.67,1003,3,35,0.0829,10,10